,channel,subs,title,views,date,like,hate,review,urls,hashtag1,hashtag2,hashtag3
572,Jella젤라, 80.7,🔱 인어공주 이야기 🔱 ( The Little Mermaid 🧜🏽‍♀️) /jella 젤라, 64222,2020. 8. 3, 2846, 35,164,https://www.youtube.com/watch?v=N7I5vxcDlj4,,,
573,Jella젤라, 80.7,(with sub) 로아 해피데이✨ 어린이날 어버이날 VLOG (휴일 출근 동생이랑 네일샵 속눈썹펌 ) /jella 젤라, 47482,2020. 8. 1, 1312, 20,86,https://www.youtube.com/watch?v=gXTG0vsm7GQ,,,
574,Jella젤라, 80.7,(ENG) 화이트빔 뿜뿜 메이크업 #korean girl 💘 #Pink fantasy makeup /jella 젤라, 56402,2020. 7. 31, 2281, 36,131,https://www.youtube.com/watch?v=KiWfhuvkl9E,,,
575,Jella젤라, 80.7,🖤💓BLACKPINK - 'How You Like That' COVER / jella 젤라💓🖤, 60357,2020. 7. 19, 2593, 196,157,https://www.youtube.com/watch?v=b3-unZOAeWM,,,
576,Jella젤라, 80.7,(ENG) 젤라 또 타투 VLOG /선 타투 후 뚜맞 / jella 젤라, 71184,2020. 6. 28, 1734, 50,111,https://www.youtube.com/watch?v=kQPMoaBMbsc,,,
577,Jella젤라, 80.7,(With sub🇻🇳🇲🇨🇺🇸🇯🇵🇪🇸🇹🇭)💎도화살 팍팍 블루홀 메이크업 젤라또 다 꼬셔볼까?😘 /jella 젤라, 122646,2020. 6. 26, 3283, 132,349,https://www.youtube.com/watch?v=05oY1au8GDk,,,
578,Jella젤라, 80.7,(ENG) 습관 다이어트 - 굶지 말고 살 빠지는 습관! 현실적인 다이어트 방법! / jella 젤라, 348134,2020. 6. 17, 6146, 133,347,https://www.youtube.com/watch?v=BaRXzfYSYBs,,,
579,Jella젤라, 80.7,(ENG) 다 잘하고 싶은 30대 애기엄마 젤새로이의 하루 VLOG (곱창 10인분 x 존맛ㅠㅠ! 올리브영 10만 원 플렉스 시(원한)찌(찌) 만들기 /jella젤라, 97226,2020. 6. 14, 1559, 26,82,https://www.youtube.com/watch?v=6Zuxp6uc5xc,,,
580,Jella젤라, 80.7,(ENG) 💇🏻‍♀️ 인간 진주 (전 남친 현 남편이 또 반한 숏컷) 메이크업 / Short hair makeup💇🏻‍♀️, 358670,2020. 6. 12, 7380, 133,436,https://www.youtube.com/watch?v=De7JItqOH34,cc708 ,Espresso ,a28
581,Jella젤라, 80.7,2000년대 댄스메들리 라떼는..추억 소환 ✨ 2000 KPOP HIT SONG / jella 젤라, 143273,2020. 5. 29, 5998, 139,581,https://www.youtube.com/watch?v=_QRXZR5MLO4,이효리 ,Leehyolee ,텐미닛
582,Jella젤라, 80.7,(ENG) 메이크업 아티스트에게 배우는 메이크업 베이스 완벽 정복! (메이크업 전 기초 스킨케어 부터 쿠션으로 광나는 베이스 하는 꿀팁!) 🔥젤라또 사연 고민 솔루션!, 60200,2020. 5. 21, 1441, 26,137,https://www.youtube.com/watch?v=y0HzsePX4po,,,
583,Jella젤라, 80.7,🥑 아보카도 메이크업.. 이라고 하면 될까? #korean girl ✨ #avocado makeup🥑 /jella 젤라, 328404,2020. 5. 19, 12696, 151,684,https://www.youtube.com/watch?v=se42vXHrMoM,,,
584,Jella젤라, 80.7,(ENG) 청담동 선생님께 꿀템으로 #ITZY #예지님 .. 메이크업을.. 받아보면.. (*마스크에 안 묻어나!!!!) /jella 젤라, 106722,2020. 5. 17, 2489, 41,132,https://www.youtube.com/watch?v=lI2AXO7fysM,,,
585,Jella젤라, 80.7,(ENG) #전남친 이랑 꾸꾸꾸 메이크업 하고 #두근두근 데이트 💗 마스크프루프 메이크업 (!드디어! 찾은 인생 선세럼), 122777,2020. 4. 30, 2081, 37,192,https://www.youtube.com/watch?v=l5S1hzw0l6Q,,,
586,Jella젤라, 80.7,(ENG) 빈티지 #블랙체리🍒 메이크업 Cherry MakeUp (24-25호 모여라!) 꿀파데브러쉬 눈 뒷트임 입술 볼륨 뽝! / jella 젤라, 356261,2020. 4. 26, 15583, 153,985,https://www.youtube.com/watch?v=9jKz76yQbpg,,,
587,Jella젤라, 80.7,(ENG CC) 엄마와 딸 그리고 엄마.. 일 땡땡이치고 하루 종일 로아랑 놀기!! (ft. 로아랑 노는 게 제일 좋은 젤로로) *시카마켓 공지! 오픈!, 185484,2020. 4. 24, 3692, 71,353,https://www.youtube.com/watch?v=9QirsT54NGo,,,
588,Jella젤라, 80.7,(ENG) 젤(라)또 탈(색) 탈색 머리 블랙으로 5번 덮고 탈색하면? 기우쌤은 또 해냅니다. (*탈색본드*) /jella젤라, 286083,2020. 4. 19, 3026, 73,112,https://www.youtube.com/watch?v=G5jODVC0g3k,,,
589,Jella젤라, 80.7,(ENG) 같이 빵댕이 흔들자! #살-2kg 가능!! #ITZY -#WANNABE /있지 - 워너비/ 배우기! 거울모드, 115223,최초 공개: 2020. 4. 8, 2239, 31,199,https://www.youtube.com/watch?v=gV4hS5L-17g,,,
590,Jella젤라, 80.7,(eng) 탈모 가르마 고속도로 힘없고 얇은 머리카락 볼륨 없는 정수리 비듬 빗자루 머릿결!! 모두 모여라!! 삶의질 상승 (마켓공지!), 68692,2020. 4. 6, 1499, 29,275,https://www.youtube.com/watch?v=5ASH_YRiuzU,,,
591,Jella젤라, 80.7,ITZY(있지)-WANNABBE(워너비) COVER (ft.로아있지) /jella 젤라, 223323,2020. 4. 2, 7316, 330,455,https://www.youtube.com/watch?v=yvQ7v9Gj_t4,,,
592,areumsongee아름송이, 80.3,(ENG/JPN)인생사진 남기는 교복 메이크업👩‍🎓증명사진졸업사진까지 프리패스 해버리기!(+형권이 아이돌 오디션보기), 118934,2020. 7. 31, 3679, 50,153,https://www.youtube.com/watch?v=3m56lQr3MsI,,,
593,areumsongee아름송이, 80.3,(ENG/JPN)피부 역대 뒤집어진날 수다떨면서 나이트케어+MBTI 테스트!📝 관심이 싫은 관종유형...🤦‍♀, 61819,2020. 7. 24, 1549, 20,107,https://www.youtube.com/watch?v=yYPbHWG5eqA,베이커세븐 ,매직버블에센스팩 ,magicbubbleessencepack
594,areumsongee아름송이, 80.3,(ENG/JPN)구름 태풍이랑 애견펜션🐶인생 첫 타투와 그 후기 !!!(타투샵 정보펜션 정보 with 형권), 71124,2020. 7. 19, 1724, 19,94,https://www.youtube.com/watch?v=ozvvN5KcySY,,,
595,areumsongee아름송이, 80.3,(ENG/JPN)밀크터치 원브랜드 메이크업🥛💛큐티뽕짝키치(?)한 살구느낌 뿜뿜🍑, 144318,2020. 7. 12, 3762, 67,184,https://www.youtube.com/watch?v=Z_YcWHCSnJE,,,
596,areumsongee아름송이, 80.3,168/52 지금부터 초가을까지💕러블리 캐주얼 룩북 lovely casual lookbook, 220691,2020. 7. 3, 5119, 68,200,https://www.youtube.com/watch?v=leBgThv4FBk,,,
597,areumsongee아름송이, 80.3,(JPN/ENG)🌶매운맛 아름송이🌶 스모키에 꽂혀서 해본 세미 서양인 메이크업, 76518,2020. 6. 25, 2361, 53,176,https://www.youtube.com/watch?v=reBicHkEeXw,,,
598,areumsongee아름송이, 80.3,(JPN/ENG)마당있는 3층집?🤭우리집에 놀러오세요🏠/랜선집들이, 553950,2020. 6. 21, 10148, 216,355,https://www.youtube.com/watch?v=LZfQBQ5DoSc,,,
599,areumsongee아름송이, 80.3,(ENG/JPN)집콕 브이로그🏠조카와 쿠키만들기 집밥 해먹기 요즘 스킨케어♥, 79662,2020. 6. 14, 1649, 18,82,https://www.youtube.com/watch?v=deRxPcsfarI,,,
600,areumsongee아름송이, 80.3,(ENG/JPN)봄꽃느낌 옐로우음영 메이크업🌼오랜만에 폭풍수다타임get ready with me !, 104153,2020. 6. 10, 2437, 45,154,https://www.youtube.com/watch?v=risAaYuCCxc,,,
601,areumsongee아름송이, 80.3,(ENG/JPN)관리의날 2탄! 남자친구 관리해주기👩‍❤‍👨(눈썹다듬기면도피부관리), 127321,2020. 6. 4, 3065, 37,276,https://www.youtube.com/watch?v=PrHarKROSr4,,,
602,areumsongee아름송이, 80.3,(ENG/JPN)인생샷각📸루비립 메이크업(ft.루비립 챌린지참여하고 선물받아가세요🎁✨), 77470,2020. 5. 29, 1619, 37,97,https://www.youtube.com/watch?v=09BOQHVTKCQ,루비립챌린지,,
603,areumsongee아름송이, 80.3,(ENG/JPN)얼마만에 흑발!!??같이 준비하고 흑발 염색하러가요💇🏻‍♀💜(GRWM+VLOG), 168145,2020. 5. 24, 3765, 52,275,https://www.youtube.com/watch?v=sboVFIxDXsA,,,
604,areumsongee아름송이, 80.3,(ENG/JPN)엄마 나 연예인봤어🖤🖤6년만에 방송출연 하는날!!?😮존꾸 메이크업 같이 준비해요💛, 136223,2020. 5. 17, 2639, 46,152,https://www.youtube.com/watch?v=hwuGxEz-WrI,,,
605,areumsongee아름송이, 80.3,(ENG/JPN)샤넬 원브랜드 메이크업💍작은 아씨들(?)느낌의 모브핑크 메이크업🌷존좋템들 대량발견✨, 167424,2020. 5. 6, 4530, 78,236,https://www.youtube.com/watch?v=apvZm3oX23M,,,
606,areumsongee아름송이, 80.3,(ENG/JPN)오랜만에 화사한 핑크코랄 메이크업 같이해요💖폭풍수다 근황토크지방시 300만원어치 선물방송출연?!, 163647,2020. 4. 26, 3619, 46,198,https://www.youtube.com/watch?v=NqMfLmM2QOg,,,
607,areumsongee아름송이, 80.3,(ENG/JPN)남자친구랑 플라워레슨 데이트vlog🌷(장미 백송이다발 가로수길 맛집과 카페엽떡 먹방), 139418,2020. 4. 16, 3147, 42,182,https://www.youtube.com/watch?v=8n1dK6SAzdU,,,
608,areumsongee아름송이, 80.3,(ENG/JPN) 내돈내산 랄라블라 하울&언박싱!🛍(바비 에디션!💗스킨케어 제품글리터신상 쿠션 추천), 101301,2020. 4. 10, 2069, 44,193,https://www.youtube.com/watch?v=UdXS5sUNygw,,,
609,areumsongee아름송이, 80.3,(ENG/JPN) 사회적 거리두기..😷겟빈둥윗미 (봄옷언박싱집데이트컵라면닭발먹방..), 163979,2020. 4. 3, 3236, 49,241,https://www.youtube.com/watch?v=YcR1p5xrGuA,집콕 ,겟빈둥윗미,
610,areumsongee아름송이, 80.3,(ENG/JPN)🏡이사한집에서 처음으로 같이준비해요🎵(요즘 빠진 핑크모브 보습 스킨케어 존예탱구리 블러셔), 167277,2020. 3. 27, 3128, 74,267,https://www.youtube.com/watch?v=uuYqWhuqmRc,,,
611,areumsongee아름송이, 80.3,(ENG/JPN)롬앤 원브랜드 메이크업 🍒키치무드 인간 체리 메이크업🍒, 225533,2020. 3. 20, 6789, 70,335,https://www.youtube.com/watch?v=F_qxnUGzAlA,,,
612,슈스스TV, 78.4,슈스스TV 한혜연입니다., 2113798,2020. 7. 17, 5854, 50924,19527,https://www.youtube.com/watch?v=j2gDDblgumU,,,
613,슈스스TV, 78.4,슈스스가 선택한 ✨인생샷✨ 핫 플레이스📸 완전 인스타 재질 🛌시몬스 테라스🛌, 255444,2020. 7. 14, 1802, 5406,1737,https://www.youtube.com/watch?v=qMqgcZmrKQc,슈스스 ,한혜연 ,시몬스
614,슈스스TV, 78.4,[ENG CC] 🌟슈퍼스타스타일리스트의🌟 사무실은 🏢 어떻게 생겼을까⁉ 랜선 사무실들이 (Feat. 성훈), 250871,2020. 7. 9, 3607, 1799,422,https://www.youtube.com/watch?v=BBbBmUjLRGE,슈스스 ,한혜연 ,사무실들이
615,슈스스TV, 78.4,[ENG CC] 슈스스 TV 이달의 픽-크 6월 🔥여름맞이🔥 활용도 200% 🤩꿀템추천 아이템!, 382780,2020. 7. 2, 5271, 1980,647,https://www.youtube.com/watch?v=39fqE0GCC3g,슈스스 ,한혜연 ,이달의픽크
616,슈스스TV, 78.4,[ENG CC] 100년이 지나도 안✔️촌스러울❗️❗️ BAG & SHOES TOP 9! (Feat. 네타포르테), 297036,2020. 6. 25, 4268, 1024,409,https://www.youtube.com/watch?v=HX_xFXEeYhU,슈스스 ,한혜연 ,네타포르테
617,슈스스TV, 78.4,[ENG CC] 스타일리시 베이비들의 필수템 ♨️신상♨️ 명품 지갑👛 그냥 백화점 싹 다 털어옴💸, 392766,2020. 6. 23, 6215, 682,510,https://www.youtube.com/watch?v=41Oa-0Ri-AY,슈스스 ,한혜연 ,명품지갑
618,슈스스TV, 78.4,[ENG CC] 슈스스 내돈내산💸 단골집 ✨안틱바틱✨ 드디어 파리 본사에서 연락 옴☎️, 204632,2020. 6. 18, 3893, 840,486,https://www.youtube.com/watch?v=VVTmvFwmwS4,슈스스 ,한혜연 ,안틱바틱
619,슈스스TV, 78.4,[ENG CC] 언제까지 🕴모나미🕴 정장만 입을꺼얏?! 👨‍💻직장인 출근룩👨‍💼 ❣️남자편❣️, 69824,2020. 6. 16, 1485, 205,240,https://www.youtube.com/watch?v=SAzSdBIxPEY,슈스스 ,한혜연 ,직장인룩
620,슈스스TV, 78.4,[ENG CC] 🍼베이비 브랜드🍼인 줄 알고 잘못 찾아옴💦 슈퍼 글로벌 슈즈 브랜드 ✨율이에✨, 224235,2020. 6. 11, 3446, 238,383,https://www.youtube.com/watch?v=homCx0He520,슈스스 ,한혜연 ,베이비발굴프로젝트
621,슈스스TV, 78.4,[ENG CC] 네오하다 네오해…💚NCT 127💚 아이돌 현생 고민 싹 다 해결❗️ PUNCH👊, 263410,2020. 6. 7, 25679, 159,2613,https://www.youtube.com/watch?v=FRb85_zTKM4,슈스스 ,한혜연 ,NCT127
622,슈스스TV, 78.4,[ENG CC] 월화수목금X2 👩‍💼직장인 출근룩👩‍💻 딱 정해줌 ❣️여자편❣️, 273948,2020. 6. 4, 5399, 209,396,https://www.youtube.com/watch?v=G9lN720shZU,슈스스 ,한혜연 ,직장인룩
623,슈스스TV, 78.4,[ENG CC] NCT 127이 뭐야😶❓ 대단한 사람들이지💥😲👍 슈스스의 NCT 127 🔎사복 패션 심층탐구🔍, 625134,2020. 6. 2, 55102, 194,3293,https://www.youtube.com/watch?v=MzAnKVdqxDc,슈스스 ,한혜연 ,NCT127
624,슈스스TV, 78.4,[ENG CC] 쀼의 세계 지선우도 선택한 👗원피스 맛집👗 로렌 랄프 로렌 매장털기✨, 331064,2020. 5. 28, 5503, 205,288,https://www.youtube.com/watch?v=6OvgRe5nlC8,슈스스 ,한혜연 ,로렌랄프로렌
625,슈스스TV, 78.4,[ENG CC] 슈스스TV 💎5월의 픽-크💎 소비요정 슈스스🤗의 쉴 틈 없는 쇼핑 하울, 245847,2020. 5. 26, 3918, 221,315,https://www.youtube.com/watch?v=5GP5o1Rkdhs,슈스스 ,이달의픽크 ,소비요정
626,슈스스TV, 78.4,[ENG CC] 이 영상만 보면 지갑사러 백화점 갈 필요 없음! 남자 베이비😎들을 위한 남성 명품 지갑✨총망라, 301346,2020. 5. 21, 3764, 164,481,https://www.youtube.com/watch?v=4cxSjm1yuNE,슈스스 ,한혜연 ,명품지갑
627,슈스스TV, 78.4,[ENG CC] 핸드폰📱마저 패션👗으로 해석하는 슈스스😎 (feat. LG 벨벳), 68967,2020. 5. 14, 1336, 79,533,https://www.youtube.com/watch?v=QzhGCDCHeNQ,슈스스 ,한혜연 ,LG벨벳
628,슈스스TV, 78.4,[ENG CC] 👭 핵인싸 새내기룩 영상 하나로 끝내버리기 🔅새 학기 내 컨셉은⁉️🔅, 109083,2020. 5. 12, 1980, 49,226,https://www.youtube.com/watch?v=lBMIZo3g7oc,슈스스 ,한혜연 ,대학생룩
629,슈스스TV, 78.4,[ENG CC] 스위스의 로맨틱한 장인 정신 ❣발리 매장 털기❣, 172592,2020. 5. 5, 2957, 121,360,https://www.youtube.com/watch?v=WE2xYKZDhdE,슈스스 ,BALLY ,발리
630,슈스스TV, 78.4,[ENG CC] 슈스스TV 4월의 픽-크 ✨⭐️옷 차림은 가볍게 양 손은 무겁게⭐️✨, 254114,2020. 4. 30, 3985, 372,348,https://www.youtube.com/watch?v=9P-vnmU_g2U,슈스스 ,이달의픽크 ,머리부터발끝까지
631,슈스스TV, 78.4,[ENG CC] 브라렛👙 그것이 알고싶다❗️ 인생브라 찾기 2👀👀 (Feat. 엘라코닉), 185109,2020. 4. 26, 3418, 79,298,https://www.youtube.com/watch?v=fnENCjSuMS8,슈스스 ,브라렛 ,엘라코닉
61,Ha Neul오늘의 하늘, 68.1,VLOG 요리하고 친구들이랑 웨이크서핑 하는날🏄🏻‍♀️ 비오는날 남자친구랑 김치전 만들기 출근 톤다운했어요, 138117,2020. 8. 1,,,197,https://www.youtube.com/watch?v=pqxlbvTasNc,일상브이로그 ,웨이크서핑 ,vlog
62,Ha Neul오늘의 하늘, 68.1,VLOG 퇴근하고 남자친구랑 본집가는날 🏡 크로플 만들기 언박싱 에어랩 네일아트 촬영 뼈숯불구이, 173057,2020. 7. 25,,,171,https://www.youtube.com/watch?v=Aq2H4A_7Pxg,일상브이로그 ,회사원브이로그 ,브이로그
63,Ha Neul오늘의 하늘, 68.1,VLOG 열심히 일하는 회사생활 브이로그💜 화보촬영 디렉터 퇴근후 데이트🍻, 143919,2020. 7. 17,,,141,https://www.youtube.com/watch?v=hUmmx7-fAv4,일상브이로그 ,직장인의일상 ,맛집투어
64,Ha Neul오늘의 하늘, 68.1,VLOG 파라다이스호텔 호캉스 데이트! 미슐랭중식 흑임자빙수 본앤브래드, 108247,2020. 7. 14,,,121,https://www.youtube.com/watch?v=TQdfLSaSa6s,,,
65,Ha Neul오늘의 하늘, 68.1,저렴이 여름옷 30벌💕 키작녀 이쁜 원피스 한가득! 쇼핑했어요, 149519,2020. 7. 10,,,112,https://www.youtube.com/watch?v=r51UJMj9M6Y,summerlookbook ,여름옷하울 ,패션
66,Ha Neul오늘의 하늘, 68.1,VLOG 남자친구 깜짝 생일파티 준비하기🎂장보고 쇼핑하고 요리하는 일상, 220402,2020. 7. 7,,,229,https://www.youtube.com/watch?v=eQL9g3hTCdg,생일파티 ,일상브이로그 ,vlog
67,Ha Neul오늘의 하늘, 68.1,VLOG 출근해서 열심히 일하고 주말에는 데이트랑 쇼핑하는날🌻 웹디자이너 차돌박이 샤넬&델보&에르메스 언박싱 데일리메이크업 양꼬치 미용실, 344509,2020. 6. 17,,,306,https://www.youtube.com/watch?v=DhRqWXxSJsc,브이로그 ,주말브이로그 ,직장인
68,Ha Neul오늘의 하늘, 68.1,인테리어 소품 샀어요! 오늘의집 50만원! 언박싱❤️, 143742,2020. 6. 10,,,133,https://www.youtube.com/watch?v=4KRwG8vIEJ8,홈인테리어 ,집꾸미기 ,언박싱
69,Ha Neul오늘의 하늘, 68.1,소소하게 집에서 해먹은 다이어트 레시피 12가지💗, 143510,2020. 6. 4,,,123,https://www.youtube.com/watch?v=dc0CGbcTljs,저탄고지 ,키토제닉 ,다이어트식단
70,Ha Neul오늘의 하늘, 68.1,5키로 감량 성공한 다이어트 추천템 공유해요❤️, 141348,2020. 6. 2,,,122,https://www.youtube.com/watch?v=UpCyO6wQhjE,저탄고지 ,키토제닉 ,추천템
71,Ha Neul오늘의 하늘, 68.1,한달만에 -5kg 초대박 다이어트 방법!, 224271,2020. 5. 28,,,197,https://www.youtube.com/watch?v=2NOgztXkCyI,저탄고지 ,다이어트 ,키토제닉
72,Ha Neul오늘의 하늘, 68.1,오랜만에 봄맞이 메이크업 해봤어요🌼✨, 119077,2020. 5. 22,,,122,https://www.youtube.com/watch?v=SIQ-WBd8bjA,꽃메이크업 ,메이크업 ,flowermakeup
73,Ha Neul오늘의 하늘, 68.1,VLOG 집순이vlog🌱 저탄고지 다이어트 셀프앞머리자르기 본집에서 고구마심기 주말데이트 연어스테이크 엄마밥 고구마심기 동물병원, 187679,2020. 5. 20,,,257,https://www.youtube.com/watch?v=cIJrH2BLHdg,,,
74,Ha Neul오늘의 하늘, 68.1,VLOG 미용실 가는날 💇🏻‍♀️ 청담동 미용실에서 옴브레 염색하고 앞머리잘랐어요!, 241848,2020. 5. 11,,,316,https://www.youtube.com/watch?v=iUltWfyrjeE,,,
75,Ha Neul오늘의 하늘, 68.1,VLOG 나만의 작은 정원 만들기🌱 꽃시장 플랜테리어 하는 하루, 171563,2020. 5. 4,,,278,https://www.youtube.com/watch?v=FqR3kyjN79A,,,
76,Ha Neul오늘의 하늘, 68.1,새벽에 해본 셀프 젤네일아트💅🏻, 236155,2020. 4. 29,,,623,https://www.youtube.com/watch?v=3Qj_BQTSFJU,,,
77,Ha Neul오늘의 하늘, 68.1,주말/강아지/산책/꽃심기 VLOG, 287128,2020. 4. 21,,,573,https://www.youtube.com/watch?v=NnuNHxGL4uU,,,
78,Ha Neul오늘의 하늘, 68.1,요즘 일상 VLOG, 977575,2020. 4. 16,,,1993,https://www.youtube.com/watch?v=9G8H2CuPiBg,,,
79,Ha Neul오늘의 하늘, 68.1,안녕하세요 하늘입니다..., 1717479,2020. 4. 13,,,21067,https://www.youtube.com/watch?v=QxOeABeSBCo,,,
80,Ha Neul오늘의 하늘, 68.1,진~짜루 잘쓰는!!! 인생을 바꿔준 생필품/기초템/향수 추천해요❤️, 1432665,2020. 1. 18, 6060, 26265,,https://www.youtube.com/watch?v=J5VQYFCkocM,2019년 ,인생템 ,추천템
81,로즈하ROSEHA, 68.2,하이틴 영화 여주인공 패션 따라하긔💗 & 존예탱 목걸이랑 귀걸이 만들었어요!🌹🍒, 123163,2020. 7. 22, 3611, 87,556,https://www.youtube.com/watch?v=GP3TgtQtcYQ,,,
82,로즈하ROSEHA, 68.2,가방을 털어봅시다! 왓츠인마이백👜 (feat.헤이즐언니), 242943,2020. 7. 17, 5100, 115,477,https://www.youtube.com/watch?v=ycR2soVOFcQ,,,
83,로즈하ROSEHA, 68.2,VLOG🖤 요즘 일상 브이로그! (헤이즐 언니네 집들이 쇼핑 하울 가평 나들이 홈파티~~🏖), 276518,2020. 7. 5, 5537, 104,723,https://www.youtube.com/watch?v=MHtiVHm4ovU,,,
84,로즈하ROSEHA, 68.2,웹툰 여신강림 셀레나 메이크업💎 Webtoon 'Secret Angel' Selena Makeup!, 168876,2020. 6. 18, 5450, 114,802,https://www.youtube.com/watch?v=DVnliFsXpso,여신강림 ,셀레나 ,Selena
85,로즈하ROSEHA, 68.2,GRWM💎 반말로 같이 화장하자!! (tmi 수다 가득ㅎㅎ), 154259,2020. 6. 14, 3926, 79,1268,https://www.youtube.com/watch?v=Wz4onXYCCoI,,,
86,로즈하ROSEHA, 68.2,지우고싶은 영상 1위였던 '수지 메이크업' 다시 예쁘게 해보기..🖤, 140486,2020. 6. 5, 2946, 107,445,https://www.youtube.com/watch?v=BpCrmq71P8c,수지메이크업 ,suzymakeup ,데싱디바
87,로즈하ROSEHA, 68.2,VLOG🖤 일상 브이로그! (생일선물 언박싱 요즘 산 것들 신상 화장품 뜯기 등등..✨), 278070,2020. 5. 23, 6212, 117,1087,https://www.youtube.com/watch?v=7IyD0GCYuKo,,,
88,로즈하ROSEHA, 68.2,90년대생 모여라!! 추억의 문구완구 하울❤️ #엠알케이 #러브짱 아는 사람..? (ㄹr떼는 말이야..⭐️), 106402,2020. 5. 7, 4047, 57,1253,https://www.youtube.com/watch?v=hRM-IzTBRdo,,,
89,로즈하ROSEHA, 68.2,⭐️옷장공개⭐️ 로즈하 드레스룸 털기!! 알록달록 취향의 옷들을 공개합니당!!ㅋㅋㅋ, 257320,2020. 4. 26, 6766, 113,1262,https://www.youtube.com/watch?v=-AMsmBBdd1U,,,
90,로즈하ROSEHA, 68.2,🌹생일기념 구독자 역조공 이벤트🌹, 281893,2020. 4. 15, 16654, 71,28517,https://www.youtube.com/watch?v=Qit9eCFnXAQ,구독자이벤트 ,로즈마리 ,ㅅrㄹ6ㅎH
91,로즈하ROSEHA, 68.2,VLOG🇺🇸 대충 다닌 LA 브이로그🌵 뭐 한 게 없어...!ㅇㅅaㅇ (feat.헤이즐언니쓰), 309174,2020. 4. 8, 6062, 123,877,https://www.youtube.com/watch?v=e6OMpR1GNGw,세_달_전_입_니_다 ,3_month_ago ,이제_여행은_내년에
92,로즈하ROSEHA, 68.2,🔮하고싶어서 해본..! 디즈니st 핑크보라 메이크업💜🎀, 120816,2020. 4. 7, 3732, 78,786,https://www.youtube.com/watch?v=WufK4OVSkMQ,디즈니느낌나게 ,핑크퍼플메이크업 ,데일리는질렸오
93,로즈하ROSEHA, 68.2,상큼한 봄 패션 하울💗🍋🍒🌷🌿🍭🍊, 237958,2020. 3. 29, 5948, 99,877,https://www.youtube.com/watch?v=6WflWB_7x9o,봄옷하울 ,패션하울 ,FashionHaul
94,로즈하ROSEHA, 68.2,🖤해리포터 컨셉으로 다이어리 꾸미기🖤 Harry Potter Diary!, 142296,2020. 3. 19, 5103, 68,698,https://www.youtube.com/watch?v=FTG-yQQmqDg,다이어리꾸미기 ,해리포터 ,HarryPotter
95,로즈하ROSEHA, 68.2,드디어 봄🌼🌿 깔끔하고 상큼하게 봄 메이크업! (feat.디올 Dior) +나눔이벤트❤️, 193079,2020. 3. 6, 6049, 78,4264,https://www.youtube.com/watch?v=S7sqbS-1n4g,,,
96,로즈하ROSEHA, 68.2,존예템 가득한 파우치 소개🎀💄💕💗 +요즘 잘쓰는 블러셔 추천까지♡ʕ•̀ω•́ʔ, 319136,2020. 3. 5, 8368, 152,1161,https://www.youtube.com/watch?v=KmWiLW-dkfI,,,
97,로즈하ROSEHA, 68.2,그동안 영상 안 올린 이유..?! 근황 얘기하면서 편하게 2020 첫 GRWM🐭❤️, 403587,2020. 3. 1, 10155, 296,1412,https://www.youtube.com/watch?v=KL4lTg6o8us,,,
98,로즈하ROSEHA, 68.2,쇼핑 하울🛍💰 예쁜 거 잔뜩 샀어요!! 연말룩 + 겨울 아우터 / 프라다 가방 / 로저비비에 운동화 / 핑크 보드복💗, 456011,2019. 12. 29, 6070, 300,,https://www.youtube.com/watch?v=eCjboan8v78,,,
99,로즈하ROSEHA, 68.2,(GRWM) 한 듯 안한 듯 겨울 촉촉 메이크업💦 no아이라인 / 옅은 색조만으로 가볍게✨, 320968,2019. 12. 20, 5580, 153,718,https://www.youtube.com/watch?v=u_75Ke2r2rw,,,
100,로즈하ROSEHA, 68.2,로즈하 다이어리 출시!🔥💗💗 제가 만든 다요리 구경 하실래요..?, 312455,2019. 12. 9, 6495, 155,849,https://www.youtube.com/watch?v=dPpL3BzWrp0,,,
301,밀라논나 Milanonna, 62.5,이탈리아 Summer Dish 호박꽃 치즈말이와 리조또 해먹기, 96066,2020. 7. 31, 3846, 30,402,https://www.youtube.com/watch?v=SgqmLVI7J28,,,
302,밀라논나 Milanonna, 62.5,[eng] 지친 마음을 달래주는 책읽기 / ASMR, 80137,2020. 7. 24, 3659, 38,253,https://www.youtube.com/watch?v=g8o4C_dFwR8,,,
303,밀라논나 Milanonna, 62.5,"[eng] ""할아버지는 어디 계세요?"" 질문에 답해드려요~", 240420,2020. 7. 17, 9130, 54,457,https://www.youtube.com/watch?v=pvKbmUTQHtg,,,
304,밀라논나 Milanonna, 62.5,[eng] 논나가 해설해주는 넥스트 인 패션 (feat. 민주킴)｜넷플릭스 유료광고 포함, 344695,2020. 7. 10, 10866, 82,461,https://www.youtube.com/watch?v=wQ3bjS-mJjY,넷플릭스추천 ,마이넷플리스트 ,넷플릭스
305,밀라논나 Milanonna, 62.5,[eng] 여름에는 뭐입지? 시원한 여름 코디 추천. H&M, 695053,2020. 6. 26, 19087, 359,1237,https://www.youtube.com/watch?v=4hesZ7g9xng,,,
306,밀라논나 Milanonna, 62.5,[eng] 꼰대라고 할까봐 무서워요 / 승진에서 밀렸네요 / 워킹맘인데 둘째를 낳고싶어요 『논나의 아지트 직장편 to 선배』, 134626,2020. 6. 19, 5278, 36,290,https://www.youtube.com/watch?v=GUwGWDuBSJs,,,
307,밀라논나 Milanonna, 62.5,[eng] 이직 하고 싶어요/ 면접을 앞두고 있어요 / 하는 일이 즐겁지 않아요 『논나의 아지트 직장편 to 후배』, 176717,2020. 6. 12, 8264, 57,544,https://www.youtube.com/watch?v=mNBrRKYBhE0,,,
308,밀라논나 Milanonna, 62.5,[eng] 이탈리아 대사와 만난 논나... (feat. 쿠키 영상), 235377,2020. 6. 5, 9358, 48,546,https://www.youtube.com/watch?v=O5NKCsE1_LU,,,
309,밀라논나 Milanonna, 62.5,[eng] 작아도 괜찮아~캐주얼부터 클래식까지 남성복 코디 (With 조남지대), 303019,2020. 6. 1, 8098, 92,596,https://www.youtube.com/watch?v=x7JjmGVmK9M,,,
310,밀라논나 Milanonna, 62.5,팔찌소리 듣고싶은 사람~챠오 아미치 모음집! (+ 논나의 편지), 77683,2020. 5. 28, 3707, 20,427,https://www.youtube.com/watch?v=R8FjipZnPXc,,,
311,밀라논나 Milanonna, 62.5,⭐️진짜! 이것만 보고 주무세요🌙자기관리 나이트루틴+라뷔게르 광고 【밀라논나】, 1302778,2020. 5. 22, 60147, 421,5311,https://www.youtube.com/watch?v=mERB8hMHqGQ,,,
312,밀라논나 Milanonna, 62.5,[eng] 연애 꼭 해야하나요? / 엄마가 결혼을 반대해요 / 다시 사랑할 수 있을까요? 『논나의 아지트 연애편』, 678584,2020. 5. 15, 29231, 193,2009,https://www.youtube.com/watch?v=TwatJuhJlPQ,,,
313,밀라논나 Milanonna, 62.5,[eng] 그래서 이 드라마 언제 방영돼요?? 밀라논나X한예슬, 347621,2020. 5. 1, 15427, 171,930,https://www.youtube.com/watch?v=RdSd8qdpPds,,,
314,밀라논나 Milanonna, 62.5,[eng] 왜 젊어보여야 해요? 산뜻하면 되죠! (LF 광고 포함) 어버이날 선물 중년 패션코디팁, 483590,2020. 4. 24, 13151, 177,903,https://www.youtube.com/watch?v=2X8WFuFBNNQ,,,
315,밀라논나 Milanonna, 62.5,[eng] 밀라논나가 자기를 만났을때 (Feat.. 유퀴즈온더블럭), 551531,2020. 4. 22, 15924, 101,829,https://www.youtube.com/watch?v=K0wBMlOwsLc,,,
316,밀라논나 Milanonna, 62.5,[eng] 이탈리아 명품 브랜드 스토리 (+돌체 앤 가바나 '돌체' 학창시절 썰) 【밀라논나】, 203046,2020. 4. 17, 8704, 53,532,https://www.youtube.com/watch?v=N30sUZTGh48,,,
317,밀라논나 Milanonna, 62.5,[eng] 프랑스 명품 브랜드 스토리를 파헤쳐보자! ( 루이비통/샤넬/디올/발렌시아가/입생로랑), 512498,2020. 4. 11, 13878, 173,648,https://www.youtube.com/watch?v=miI6JlaMBEI,,,
318,밀라논나 Milanonna, 62.5,[eng] 옷 관리 비법 ①천연섬유 편 / 울세탁 / 흰 와이셔츠 관리 / 실크세탁 【밀라논나】, 257547,2020. 4. 3, 10903, 78,528,https://www.youtube.com/watch?v=IYOsIEtf3hU,,,
319,밀라논나 Milanonna, 62.5,"[eng] ""그 안경 어디꺼죠?"" 모두 알려드릴게요~ 논나의 안경 컬렉션 【밀라논나】", 221852,2020. 3. 27, 7642, 90,438,https://www.youtube.com/watch?v=0cECFhdWsFE,,,
320,밀라논나 Milanonna, 62.5,[eng] 봄에는 뭐입지? 화사한 봄 코디 추천. 앤아더스토리즈 【밀라논나】, 702000,2020. 3. 20, 22962, 252,1650,https://www.youtube.com/watch?v=zLrHmZVh0Vk,,,
441,영기TV, 59.8,검은색으로 염색하고 쿨톤메이크업하기 !!! 이래도 내가 쿨톤이라구!?!?!? .., 89701,2020. 8. 3, 1817, 17,385,https://www.youtube.com/watch?v=JrLe7xWW700,쿨톤메이크업 ,메이크업 ,웜톤메이크업
442,영기TV, 59.8,공항도둑무쌍핫핑크옷입은세영언니에게 인스타인싸메이크업해주기 ㅋㅋㅋㅋ, 242692,2020. 7. 16, 5258, 64,242,https://www.youtube.com/watch?v=sxNezURE9Po,영평티비 ,메이크업 ,무쌍
443,영기TV, 59.8,[11번가X밀크터치] 홍영기 메이크업 꿀팁 LIVE #댓글참여#선물증정, 31165,실시간 스트리밍 시작일: 2020. 7. 14, 456, 12,48,https://www.youtube.com/watch?v=kgfL3o-ddto,,,
444,영기TV, 59.8,저세상텐션지호지방시오빠와데이트 l 밀크터치홈쇼핑나갔던날(+방송후기) l 머리붙였어요!, 54787,2020. 7. 6, 987, 15,87,https://www.youtube.com/watch?v=GNpxtSWQ2SU,,,
445,영기TV, 59.8,😀치아성형비용만 800만원 미니쉬? 라미네이트? 정보알려드릴게요 :) 😱l 영기tv, 132564,2020. 6. 30, 1878, 66,234,https://www.youtube.com/watch?v=J7Vo1VBZAzw,미니쉬 ,치아교정 ,라미네이트
446,영기TV, 59.8,ENG) 일주일동안 다이어트해서 3kg 감량했어요!!!!!! ✌🏻✨✨ 인스턴트먹으면서 다이어트하기 :)🍝🍔🍞🥑ㅠ, 246017,2020. 6. 14, 3971, 105,412,https://www.youtube.com/watch?v=tqFFm4js-OE,,,
447,영기TV, 59.8,셀프로 앞머리자르고 남편반응보기 💇🏻‍♀l 증명사진촬영하는 날 vlog 📸l 송이네집들이가기 ! 🏠l 다이어트제품 선택하기 l 영기tv, 609011,2020. 6. 1, 7578, 121,560,https://www.youtube.com/watch?v=rEgrbRabgEU,,,
448,영기TV, 59.8,ENG/JPN) 키 148CM 단발머리도 러블리힙합스타일🦋💕 입을수 있어요 🤘🏻 l 에이블리 제품으로 코디해봤어요 ! !ㅣ 영기tv, 1042366,2020. 5. 26, 16722, 372,2253,https://www.youtube.com/watch?v=6B2K6bYCfZU,키작녀코디 ,룩북 ,에이블리
449,영기TV, 59.8,단발한 기념으로 단발메이크업.. l 고렴이제품들로 메이크업해봤어요 ♡ l 영기tv [jpn sub], 205357,2020. 5. 13, 4737, 81,588,https://www.youtube.com/watch?v=H0fUTC56a24,단발 ,단발메이크업 ,메이크업
450,영기TV, 59.8,🌙속건조꽉잡아주는나이트루틴공개할게요 💧l 동물의숲...🐹🐶l 오랜만에씨맘vlog [jpn sub], 90067,2020. 4. 29, 1819, 29,161,https://www.youtube.com/watch?v=EN6X_dXaGic,나이트루틴 ,스킨케어 ,브이로그
451,영기TV, 59.8,드디어 내가 만든 코스메틱 브랜드 밀크터치 원브랜드메이크업 l 인스타이벤트도 준비했어요l 영어말하지않기메이크업.. [jpn sub], 179852,2020. 4. 21, 3616, 59,565,https://www.youtube.com/watch?v=ZOYvHerIR3Q,밀크터치 ,메이크업 ,원브랜드메이크업
452,영기TV, 59.8,썸네일 사진찍은날들로 브이로그만들기 l 두팔이랑 혁민이오빠랑 갑자기 진지타임 l 기미주근깨빼러가가는날 l 다이어트시작 l 영기tv [jpn sub], 187806,2020. 4. 14, 2448, 48,252,https://www.youtube.com/watch?v=JJO_CkHmGtc,브이로그 ,vlog ,다이어트
453,영기TV, 59.8,요즘인스타사진왜이렇게예뻐요? l 드디어 필터공유! l 발리사진필터공유할게요 l 역광사진 밝히기 l 영기tv [jpn sub], 549507,2020. 4. 2, 13625, 93,372,https://www.youtube.com/watch?v=NDPS5HSqivE,필터 ,안녕하세요 ,셀카어플
454,영기TV, 59.8,요즘하는 인스타메이크업 알려드릴게요 🦋l 발리에서 일어난 서양인썰!! 🤦🏻‍♂l 영기tv [jpn sub], 577765,2020. 3. 30, 12048, 151,488,https://www.youtube.com/watch?v=V7f636H1D6o,메이크업 ,인스타메이크업 ,makeup
455,영기TV, 59.8,ENG) 148CM 44kg 가 옷입는 법| 자라에서 80만원어치 쇼핑했어요 👗l 인스타그램이벤트도 있어요 l Zara fashion look book 148cm tall., 1485433,2020. 3. 16, 13568, 358,3689,https://www.youtube.com/watch?v=pPAkaidVWWA,dailyoutfits ,lookbook ,zara
456,영기TV, 59.8,ENG) 세용이가 화이트데이선물로 제트플립사줬어요 💸💸 제트플립으로 브이로그를찍는다면? 🔥l 거기다가 로이드 목걸이까지 💎 l 나 근데 왜 또울어 😭l 영기tv, 670191,2020. 3. 12, 10224, 197,639,https://www.youtube.com/watch?v=32Dbkc3NfTA,갤럭시 ,제트플립 ,로이드
457,영기TV, 59.8,송이랑 야엘이랑 반말겟레디윗미 발리 🌴🌴 l 송이랑 야엘이가 얼짱시대에서 가장 잘생겼다고 생각한 멤버 ? 😏l 얼짱시대썰 🔥🔥l 영기tv, 353234,2020. 3. 9, 3932, 70,310,https://www.youtube.com/watch?v=FXzyHHzKGOI,발리 ,겟레디윗미 ,메이크업
458,영기TV, 59.8,홍영기송이야혜리 l 얼짱언니들 발리여행다녀왔다..♡ l 아이폰xr로 촬영한 발리브이로그 오래기다렸지? l 영기tv, 997236,2020. 3. 4, 10657, 340,981,https://www.youtube.com/watch?v=rKcjtrDOO1k,발리 ,아이폰 ,여행
459,영기TV, 59.8,이제 초등학교올라가는 8살 재원이와👦🏻 발리가기전 택배하울영상 ! 📦📦l 비키니정보도 알려드릴게요👙 l영기tv, 738032,2020. 3. 2, 12601, 192,1110,https://www.youtube.com/watch?v=6rvYOB0RrEo,,,
460,영기TV, 59.8,누구랑 사귀었었냐고?! 🤔l 진짜 다 말했습니다 💫💫 | 추억속으로 얼짱시대2탄질문답변 | 영기tv, 884982,2020. 2. 24, 6866, 173,646,https://www.youtube.com/watch?v=nrrb9J7qI8Y,,,
592,tweety 트위티, 56.6,eng)예비부부 브이로그_29번째생일날 깜짝이벤트! 아이폰 환불하고 로저비비에 언박싱 홈파티🍸, 241759,2020. 8. 2, 5437, 100,709,https://www.youtube.com/watch?v=wMrg70pDdFk,,,
593,tweety 트위티, 56.6,eng)예비부부 브이로그_수박에이드드디어 결혼반지이케아쇼핑 이틀연속 콩국수, 310525,2020. 7. 26, 5746, 131,4605,https://www.youtube.com/watch?v=epXv6TFvT80,,,
594,tweety 트위티, 56.6,여름 집콕🍉수박 먹방 아보카도 토스트 강아지집 만들기 소고기뭇국 계란누룽지죽, 236018,2020. 7. 19, 4835, 105,370,https://www.youtube.com/watch?v=0w4Kr0rDCIg,,,
595,tweety 트위티, 56.6,출근+퇴근하는 대표의 일상 브이로그🥕예비 남편이 만들어준 야채죽 먹방 미팅준비 고요한 열일 사무실, 216047,2020. 7. 12, 4536, 144,407,https://www.youtube.com/watch?v=RAqqMWC1CIA,,,
596,tweety 트위티, 56.6,나만의 사랑스러움 🌷페일블러쉬🌷오픈! 공들여 만든 페일블러쉬를 소개합니다!, 231251,2020. 6. 28, 4473, 347,1155,https://www.youtube.com/watch?v=XxEXIJLLbBI,,,
597,tweety 트위티, 56.6,예비남편과 쏘스윗한 가발언박싱💛(초하이텐션ㅋㅋ), 204691,2020. 6. 27, 4391, 78,750,https://www.youtube.com/watch?v=C9k0V7hjByA,가발 ,가발하울 ,커플
598,tweety 트위티, 56.6,커플vlogㆍ구름스무디🍧에어프라이어 버터쿠키 리얼까르보나라 아이패드 다꾸 버터볶음밥(쿠키영상있음), 328288,2020. 6. 21, 5839, 119,670,https://www.youtube.com/watch?v=RURNj2YnJ0c,브이로그 ,일상 ,커플
599,tweety 트위티, 56.6,커플vlogㆍ더울땐? 냉메밀국수🍝 더워도 부지런히 집밥 해먹고 행복해지는 일상 (feat.인생토마토스프), 295892,2020. 6. 14, 4904, 132,566,https://www.youtube.com/watch?v=s9XVFUKkBUQ,브이로그 ,일상 ,커플
600,tweety 트위티, 56.6,vlogㆍ커플의주말 최애시금치카레 당근샌드위치😱프랜치토스트고구마 피자 영화 어바웃타임, 340841,2020. 6. 7, 5682, 114,780,https://www.youtube.com/watch?v=-q_TBdjk0s0,브이로그 ,일상 ,커플
601,tweety 트위티, 56.6,vlogㆍ열무비빔밥 해먹고 데이지 꽃밭 나들이🌼 고칼로리 못먹는이유 6kg찐 남친 토달볶 감자와플, 300818,2020. 5. 31, 5724, 99,675,https://www.youtube.com/watch?v=bG6Oe-YKC3A,브이로그 ,일상 ,커플
602,tweety 트위티, 56.6,vlogㆍ샤넬언박싱🛍집밥 해먹고 데이트하러 나가기 계란말이김밥 짜장떡볶이+김치군만두, 346697,2020. 5. 24, 6164, 272,763,https://www.youtube.com/watch?v=vAMM_HF-RCo,브이로그 ,일상 ,커플
603,tweety 트위티, 56.6,vlogㆍ초간단 노른자 스팸덮밥 살빠짐😭 인절미와플 대참사 수납공간정리 샤워후루틴 카레해먹기, 459029,2020. 5. 17, 7931, 158,1047,https://www.youtube.com/watch?v=5oiTpFdSUbU,브이로그 ,일상 ,커플
604,tweety 트위티, 56.6,vlog 하루종일 남친이해주는 밥먹기🍳라임청담그기 부부의 세계 현실 리액션 시금치파스타 원피스쇼핑, 363252,2020. 5. 14, 6856, 111,928,https://www.youtube.com/watch?v=DLzOTzWpf9g,브이로그 ,일상 ,커플
605,tweety 트위티, 56.6,집콕하며 요리하기🍳수플레 팬케익 실패기 눈물의 재도전 두릅 달래간장 두부 부침 소고기 구이, 333685,2020. 5. 10, 5747, 127,801,https://www.youtube.com/watch?v=HW8ro0sr20I,브이로그 ,커플 ,vlog
606,tweety 트위티, 56.6,vlog 시댁모임 오므라이스 시어머님이 만드신 치즈케이크 시아버님 퇴직기념 선물 크로플 꿀조합, 361625,2020. 5. 2, 6702, 156,731,https://www.youtube.com/watch?v=ZBWgohW8V6M,브이로그 ,일상 ,커플
607,tweety 트위티, 56.6,가발 벗고 시작해서 단발 가발 쓰는것까지 같이 준비해요🍑(나만의 베이스 꿀팁!!), 307234,2020. 4. 26, 7511, 104,597,https://www.youtube.com/watch?v=rgmpfedaN28,GRWM ,메이크업 ,가발
608,tweety 트위티, 56.6,vlog 남친이 만든 실타래 투표하고 집콕! 달래된장국 달래 간장 해먹기 봄맞이 인테리어 바꾸기, 334903,2020. 4. 19, 6334, 91,898,https://www.youtube.com/watch?v=BADpqksWknc,브이로그 ,집콕 ,커플
609,tweety 트위티, 56.6,vlog 5년차커플의 집콕🥂죠리퐁라떼초간단햄버거간장비빔국수지옥에서온잣죽침구 언박싱, 407167,2020. 4. 12, 7163, 129,903,https://www.youtube.com/watch?v=rs6oxVke9Lo,브이로그 ,집콕 ,커플
610,tweety 트위티, 56.6,집콕하며 힐링! 크로플 만들고 명란 계란말이 차돌볶음 우동 해먹고 결혼 선물들 언박싱 종이의 집, 471763,2020. 4. 4, 8422, 155,871,https://www.youtube.com/watch?v=fTsEqLuqWz4,브이로그 ,일상 ,vlog
611,tweety 트위티, 56.6,결혼연기했어요😭 결혼반지+웨딩사진 언박싱 핵꿀맛 모히또 바나나토스트 수육 재도전!, 553527,2020. 3. 28, 8404, 189,1096,https://www.youtube.com/watch?v=z_EqUqVZEK4,브이로그 ,집콕 ,커플
612,SOHYEON 소현, 56,(eng/jpn)GRWM °˖✧ 최초로 속눈썹 안 붙인 메이크업(?)같이 준비해요!ㅣDaily Makeupㅣ소현 SOHYEON, 104849,2020. 7. 10, 4430, 32,227,https://www.youtube.com/watch?v=X6sZsEpm7r4,겔랑 ,아나스타샤 ,네이밍
613,SOHYEON 소현, 56,(eng/jpn) 💇🏻‍♀️어중간한 거지존 스타일링 방법 (feat.다이슨 코랄™헤어 스트레이트너)ㅣMedium hair stylingㅣ소현 SOHYEON, 58831,2020. 6. 23, 2757, 21,134,https://www.youtube.com/watch?v=ZcBEy6EseKQ,다이슨 ,다이슨코랄 ,헤어스타일
614,SOHYEON 소현, 56,[4K] LIP TINT SWATCHES 💄 My favorite summer lip tintㅣ여름에 바르기 좋은 물먹은 틴트 추천ㅣ소현 SOHYEON, 27491,2020. 6. 14, 1291, 14,93,https://www.youtube.com/watch?v=n3XXZPJQ24E,헤라 ,코드글로컬러 ,어뮤즈
615,SOHYEON 소현, 56,(eng/jpn)🤸🏻‍♀️방구석 페스티벌 메이크업 ᕕ( ᐛ )ᕗㅣfestival makeup in quarantineㅣSOHYEON 소현, 79447,2020. 5. 23, 3725, 19,211,https://www.youtube.com/watch?v=xv5kfdDK_4s,이니스프리 ,Hydrocket ,그린티씨드세럼
616,SOHYEON 소현, 56,💛𝒀𝑬𝑳𝑳𝑶𝑾 💛ㅣ노랑노랑 메이크업ㅣSOHYEON 소현, 75974,2020. 5. 17, 4224, 38,265,https://www.youtube.com/watch?v=RO0WvJ9Htt0,,,
617,SOHYEON 소현, 56,GRWM • 꾸안꾸st ✧마스크 써도 덜 묻어나는 메이크업 같이 준비해요!ㅣSOHYEON 소현, 108867,2020. 5. 8, 3875, 35,314,https://www.youtube.com/watch?v=cOtwte9NW5s,Telse ,티엘스 ,콤부차티톡스에센스
618,SOHYEON 소현, 56,VLOG • 내 일상에 우유 한 스푼ㅣSOHYEON 소현, 31965,2020. 5. 5, 1393, 10,157,https://www.youtube.com/watch?v=fCRR0T1HMt4,,,
619,SOHYEON 소현, 56,cozy rose coral makeup 로즈 코랄 메이크업 ꈍ .̮ ꈍㅣSOHYEON 소현, 116384,2020. 3. 21, 4443, 32,205,https://www.youtube.com/watch?v=mg4enOZBdig,헤라 ,클리오 ,문샷
620,SOHYEON 소현, 56,VLOG • 피어싱 소개/what's in my bag?/에어팟 커스텀/구찌 뷰티/간단 메이크업/우유 공개/강아지 산책ㅣSOHYEON 소현, 104597,2020. 3. 7, 3806, 45,194,https://www.youtube.com/watch?v=XdvD6dgi4LU,,,
621,SOHYEON 소현, 56,🍬COOL PINK MAKEUPㅣ쿨톤에 찰-떡✧ 핑크 메이크업ㅣSOHYEON 소현, 86574,2020. 2. 8, 3209, 26,199,https://www.youtube.com/watch?v=eVqZdmIrc6A,쿨톤 ,미샤 ,블랑비비
622,SOHYEON 소현, 56,🎤눈사람 - cover by 소현 (original 정승환)ㅣSOHYEON, 90999,2020. 1. 26, 3752, 34,289,https://www.youtube.com/watch?v=xVLq4UQhnFY,,,
623,SOHYEON 소현, 56,🎄미리 메리 크리스마스! 눈 내린 윈터 레드 메이크업🎅🏻(feat.스파광)ㅣchristmas red makeupㅣ소현 SOHYEON, 104221,2019. 12. 21, 4267, 41,203,https://www.youtube.com/watch?v=cERe3cp7z48,네이처리퍼블릭 ,겔랑 ,머지
624,SOHYEON 소현, 56,[4K] LIP SWATCHES 💄My favorite winter lipsㅣ겨울 최애 립 추천ㅣ소현 SOHYEON, 1075971,2019. 12. 14, 7493, 516,172,https://www.youtube.com/watch?v=z_5xohyO4bI,에스티로더 ,로레알파리 ,입생로랑
625,SOHYEON 소현, 56,🧖🏻‍♀️Get Unready With Me! 같이 클렌징&스킨케어 해요! My Daily Cleansing&Skincare Routineㅣ소현 SOHYEON, 462115,2019. 11. 27, 10622, 167,322,https://www.youtube.com/watch?v=fkjP1g9BrH0,,,
626,SOHYEON 소현, 56,🍒다낭에서 체리레드 메이크업 같이 준비해요!ㅣGRWM in DANANG Cherry Red MakeupㅣSOHYEON 소현, 308693,2019. 11. 24, 14234, 58,567,https://www.youtube.com/watch?v=YKM43Kx8-Eo,S2ND ,핑크터치톤업크림 ,조르지오아르마니
627,SOHYEON 소현, 56,VLOG • 제주 브이로그🍊ㅣjeju travlogueㅣ SOHYEON, 81185,2019. 11. 18, 2949, 23,196,https://www.youtube.com/watch?v=PRTl0arap3M,,,
628,SOHYEON 소현, 56,킁킁👃🏻어디서 가을 냄새 안 나요? 오렌지 브라운 메이크업(feat.투쿨포스쿨)ㅣORANGE BROWN MAKEUPㅣSOHYEON 소현, 179081,2019. 9. 11, 6019, 61,294,https://www.youtube.com/watch?v=dNMkZmYhtO4,투쿨포스쿨 ,글램락 ,러스터선셋립
629,SOHYEON 소현, 56,✨웜VS쿨 데일리 아이 메이크업 2가지!(feat.싱글섀도우) WARM vs COOL DAILY EYE MAKEUP TUTORIALㅣSOHYEON 소현, 76633,2019. 8. 30, 3627, 25,124,https://www.youtube.com/watch?v=mB_Xs19MGWA,,,
630,SOHYEON 소현, 56,GRWM • 제주도에서 같이 준비해요! (❀╹◡╹) (feat.요즘 잘 쓰는 기초템), 402329,2019. 8. 17, 15266, 151,650,https://www.youtube.com/watch?v=Ic4h_ehDdnU,,,
631,SOHYEON 소현, 56,NEW💄요즘 바르기 좋은 신상 틴트 추천해요! LIP COLOR FOR SUMMERㅣSOHYEON 소현, 356995,2019. 7. 26, 11348, 127,252,https://www.youtube.com/watch?v=q9gW6-0GGRQ,맥 ,베네피트 ,문샷
812,스타일가이드 최겨울, 50.8,나는 신발을 사랑해, 45271,2020. 8. 3, 613, 9,164,https://www.youtube.com/watch?v=8b14zi8NTIc,,,
813,스타일가이드 최겨울, 50.8,친한 여동생 집으로 드레스룸 구경갔는데..., 66550,2020. 7. 31, 645, 19,94,https://www.youtube.com/watch?v=NIFToMt19UE,,,
814,스타일가이드 최겨울, 50.8,여자가 진짜 싫어하는 남자 패션 스타일은?, 95333,2020. 7. 27, 1118, 43,257,https://www.youtube.com/watch?v=_blk5GFAecA,,,
815,스타일가이드 최겨울, 50.8,놀면뭐하니? 싹쓰리 패션분석 가격 오졌다ㄷㄷ, 73256,2020. 7. 25, 924, 32,93,https://www.youtube.com/watch?v=O7tu1oY-Nb0,놀면뭐하니 ,이효리패션 ,비패션
816,스타일가이드 최겨울, 50.8,여자들이 좋아하는 남자패션은??, 87958,2020. 7. 23, 999, 45,158,https://www.youtube.com/watch?v=ahqhYGOsYzc,,,
817,스타일가이드 최겨울, 50.8,크리스찬디올x조던 6000만원🎈역대급 명품 리뷰, 51878,2020. 7. 20, 649, 25,95,https://www.youtube.com/watch?v=DSn72lBx2ek,,,
818,스타일가이드 최겨울, 50.8,1500만원 디올조던1 직거래 현장, 47445,2020. 7. 17, 489, 13,76,https://www.youtube.com/watch?v=JnMzlnDNvDE,,,
819,스타일가이드 최겨울, 50.8,여름 필살기템! 반팔셔츠 추천! 고민하지마~~, 40349,2020. 7. 16, 756, 13,58,https://www.youtube.com/watch?v=OM-36AKOk-g,,,
820,스타일가이드 최겨울, 50.8,윤미야 선물이야..1500만원짜리 디올조던, 76155,2020. 7. 14, 597, 30,136,https://www.youtube.com/watch?v=A2Z0tJFqgu0,,,
821,스타일가이드 최겨울, 50.8,나에게 맞는 명품을 알려주는 '명품테스트', 34692,2020. 7. 13, 443, 15,123,https://www.youtube.com/watch?v=UhKiLuhpKks,,,
822,스타일가이드 최겨울, 50.8,이쁜 여사친과 쇼핑하면 생기는일..., 89154,2020. 7. 11, 738, 25,184,https://www.youtube.com/watch?v=SCkwhUOasDM,,,
823,스타일가이드 최겨울, 50.8,여름에 꼭 필요한 '무지티셔츠' 완벽정리!, 34965,2020. 7. 10, 849, 17,76,https://www.youtube.com/watch?v=UMYf-2UC0-E,,,
824,스타일가이드 최겨울, 50.8,내가 직접입어봤는데 무지반팔 여름바지 맛집ㅇㅈ, 61787,2020. 6. 23, 1180, 29,93,https://www.youtube.com/watch?v=RtXJ9gXgQYs,,,
825,스타일가이드 최겨울, 50.8,2020년 여름 후회없는 존예 티셔츠 추천! (스타일 소재별), 63264,2020. 6. 22, 1159, 23,97,https://www.youtube.com/watch?v=TZjJLdC-rHU,,,
826,스타일가이드 최겨울, 50.8,제가 인스타에서 입은 옷이 뭐냐면요.., 54542,2020. 6. 7, 1000, 24,108,https://www.youtube.com/watch?v=zdCozsmM_E8,,,
827,스타일가이드 최겨울, 50.8,다 떨어진 신발 버려..여동생 신발 사주기ㅋㅋ, 45172,2020. 6. 6, 597, 20,89,https://www.youtube.com/watch?v=3F4Ul8SaEas,,,
828,스타일가이드 최겨울, 50.8,이쁜 신발 살 때 추천하는 어플! (우리 그만 사기당하자!), 35610,2020. 5. 31, 412, 51,133,https://www.youtube.com/watch?v=1JVInXS8vZY,,,
829,스타일가이드 최겨울, 50.8,여름패션준비하자~~힙합퍼세일! 뭐사면 좋을까?, 65415,2020. 5. 28, 839, 28,64,https://www.youtube.com/watch?v=UIEaUPv6Irw,,,
830,스타일가이드 최겨울, 50.8,2만원대 가성비 여름 반팔티 추천! 이가격이 마지노선이야.., 113999,2020. 5. 22, 1377, 31,151,https://www.youtube.com/watch?v=pqws5O7qn7Q,,,
831,스타일가이드 최겨울, 50.8,구독자 머리부터 발끝까지 싹~~다 변신 시켜주기!, 39919,2020. 5. 20, 826, 16,151,https://www.youtube.com/watch?v=qJ5e7-dSz2c,,,
212,유앤아인Youandain, 46,[강릉 여행]🚗민낯 주의❗꾸미지 않고 온전히 먹기만 한 행복한 여행♥️, 24749,2020. 7. 30, 612, 10,111,https://www.youtube.com/watch?v=cKbHJE0FkME,,,
213,유앤아인Youandain, 46,💕 설탕 한스푼 넣은 핑크 달달 메이크업 💕 (ft. 릴리바이레드X덴스 에디션), 32048,2020. 7. 29, 1205, 18,135,https://www.youtube.com/watch?v=sc4ZhEG4ePc,유앤아인 ,youandain ,pinkmakeup
214,유앤아인Youandain, 46,i-dol Makeup 생에 첫 핑크머리👀💕아이돌 메이크업 도전!⭐️ (유난히 말 많음 주의..), 51826,2020. 7. 18, 1559, 22,222,https://www.youtube.com/watch?v=FWryMKTprng,,,
215,유앤아인Youandain, 46,청량해 보이는 여름 핑크메이크업✨(feat.탈색헤어 관리법), 124320,2020. 7. 13, 3323, 40,314,https://www.youtube.com/watch?v=fRf-l3-hbJA,어코어샴푸 ,어코어컨디셔너 ,어코어헤어에센스
216,유앤아인Youandain, 46,속눈썹을 강조한 깔끔한 메이크업🖤, 90711,2020. 7. 1, 2359, 17,221,https://www.youtube.com/watch?v=NSEQ3flwlWI,유료광고 ,유앤아인 ,데일리메이크업
217,유앤아인Youandain, 46,꿀팁 대방출!!🌹탈색 후 요즘 제 데일리 메이크업이에오👼🏻 (feat.🎶퍼스널컬러진단v-log), 97529,2020. 6. 29, 2276, 28,286,https://www.youtube.com/watch?v=8XXEuRWkJ4I,,,
218,유앤아인Youandain, 46,GRWM 분위기 있는 데이트 메이크업 (feat. 셀프염색🌱), 117784,2020. 6. 11, 2744, 35,190,https://www.youtube.com/watch?v=224ZJwLreh0,,,
219,유앤아인Youandain, 46,100% 내 취향 인형 폰케이스 만들기😳🌈, 29059,2020. 5. 25, 869, 12,144,https://www.youtube.com/watch?v=rG4lkQan9gs,,,
220,유앤아인Youandain, 46,여름에 하기 좋은 뽀송 상큼한 플럼메이크업💜, 357605,2020. 5. 22, 8982, 90,461,https://www.youtube.com/watch?v=juEssYUIrnw,유앤아인 ,youandain ,summermakeup
221,유앤아인Youandain, 46,두 가지 반전메이크업! 둘 중 어떤게 더 취향저격인가요! ?✨which style do you prefer?, 90774,2020. 5. 16, 2936, 24,361,https://www.youtube.com/watch?v=TdPt6cqAVYM,폰즈 ,폰즈립앤아이리무버 ,클렌징
222,유앤아인Youandain, 46,쌍꺼풀테이프를 사용한 분위기 전환 데일리 누드립 메이크업! daily nude lip make up, 143566,2020. 5. 4, 3552, 32,277,https://www.youtube.com/watch?v=dtBllNB3phI,,,
223,유앤아인Youandain, 46,봄맞이 꾸안꾸 코디🛍 구두 못신는 키작녀가 추천하는 키높이 운동화💖 평소에도 너무 좋아하는 브랜드 드디어 소개해드려요..👉🏻👈🏻, 55935,2020. 4. 23, 1883, 15,164,https://www.youtube.com/watch?v=MRAdbN4DtCo,유앤아인 ,youandain ,패션꿀팁
224,유앤아인Youandain, 46,키치 무드 오렌지 메이크업 (하고싶었던 머리하고)🧡, 64826,2020. 4. 5, 2287, 21,169,https://www.youtube.com/watch?v=_xC557MPTfs,유앤아인 ,오렌지메이크업 ,orangemakeup
225,유앤아인Youandain, 46,속눈썹 빡! 세련된 느낌 레드립 메이크업 빠르게 보기, 92584,2020. 3. 27, 2697, 46,184,https://www.youtube.com/watch?v=EhQRRsBvjPk,,,
226,유앤아인Youandain, 46,과즙기 가득 담은 봄맞이 메이크업🍊 spring makeup !, 244353,2020. 3. 15, 6698, 78,276,https://www.youtube.com/watch?v=SY_9Jw1yZg8,유앤아인 ,Youandain ,springmakeup
227,유앤아인Youandain, 46,상콤상콤 레드립🍒체리 메이크업🍒 red lip cherry make up, 86783,2020. 3. 5, 2463, 26,220,https://www.youtube.com/watch?v=wHaQakvNY-g,유앤아인 ,youandain ,cherrymakeup
228,유앤아인Youandain, 46,처음 도전한 애교살 강조한 청순한 메이크업👼🏻, 168567,2020. 2. 27, 4020, 81,391,https://www.youtube.com/watch?v=9jw2ofoVSzQ,,,
229,유앤아인Youandain, 46,제가 애정하는 누드립 소개해드려요! favorite nude lip🖤 mlbb🖤, 220875,2020. 2. 16, 4206, 90,309,https://www.youtube.com/watch?v=FX_JqB1VgWY,,,
230,유앤아인Youandain, 46,평소 해보고 싶었던 메이크업 5분짜리로 보기😳🖤, 5112656,2020. 2. 8, 92180, 3262,2005,https://www.youtube.com/watch?v=xs0at2rU0G8,5분메이크업 ,5minsmakeup ,youandain
231,유앤아인Youandain, 46,깔맞춤 메이크업 (인스타갬성 메이크업) + 쓰는 어플 뷰티설정 인스타스토리 느낌있게 올리는법 다 알려드려요!!, 92232,2020. 1. 25, 1861, 21,137,https://www.youtube.com/watch?v=eMcxF0JvN9k,youandain ,유앤아인 ,selfiemakeup
232,PURE.D퓨어디, 45.8,(포샵아님) 👶🏻 리얼 베이비 페이스 메이크업 ^^...? 동안이 되고 싶었을 뿐이야 ... baby face tiny makeup, 174262,2020. 7. 31, 4213, 47,448,https://www.youtube.com/watch?v=0VhS-bnm87s,,,
233,PURE.D퓨어디, 45.8,손가락으로 코파다가 코가 뚫림 😱 초등학생도 따라 할 수 있는 쉬운 특수분장, 211500,2020. 7. 19, 3591, 67,357,https://www.youtube.com/watch?v=Uu2WLl6Mhi0,,,
234,PURE.D퓨어디, 45.8,요즘 보라 메이크업이 대세라던데 🦋 모두 이 영상을 보라 purple makeup, 16345,2020. 7. 17, 698, 10,133,https://www.youtube.com/watch?v=QvboZwUO8jA,카모플라쥐 ,쉐딩 ,내츄럴
235,PURE.D퓨어디, 45.8,홍대 유명 미용실가서 힙스러운 머리로 아무렇게나 해달라고 했더니...., 73847,2020. 7. 10, 2250, 16,218,https://www.youtube.com/watch?v=Fv58mtyN-B4,,,
236,PURE.D퓨어디, 45.8,분장 대회 😱 아니 이분은...찐이야!!!! 미친 디테일에 ㅎㄷㄷ..., 143299,2020. 7. 4, 3940, 41,861,https://www.youtube.com/watch?v=BXeaDVKhhnI,퓨어디분장배틀시즌4,,
237,PURE.D퓨어디, 45.8,(ENG) 단돈 천원 !! 바세린으로 블랙헤드를 진짜 없애는게 가능할까?? black head remover Vaseline, 1931697,2020. 6. 30, 55872, 562,769,https://www.youtube.com/watch?v=0eGADtrrsdQ,,,
238,PURE.D퓨어디, 45.8,드릴 말씀이 있어요 특수분장 그만 두라고 하셔서 고민끝에 올립니다., 416129,2020. 6. 27, 8685, 119,1376,https://www.youtube.com/watch?v=QMhERpUmYYk,,,
239,PURE.D퓨어디, 45.8,한 여름에 마스크끼고 등산해도 안 무너지는 내 레전드 화장 꿀팁 👍🏻 ( with. 한스킨 ), 58091,2020. 6. 22, 1613, 28,221,https://www.youtube.com/watch?v=B2Rzw47bnbs,,,
240,PURE.D퓨어디, 45.8,위험구역에 들어가 방사능에 노출된 소녀 👁 메이크업 튜토리얼 halloween sfx make up, 148219,2020. 6. 20, 3251, 59,427,https://www.youtube.com/watch?v=IJqMuWUnNaE,만화 ,sfx ,tiktok
241,PURE.D퓨어디, 45.8,엄마랑 인형가게에 왔는데 인형이 말을 하기 시작했다 ...🎀인형 메이크업 튜토리얼, 215781,2020. 6. 13, 4299, 120,606,https://www.youtube.com/watch?v=kjHOKqxhATM,tiktok ,sfx ,doll
242,PURE.D퓨어디, 45.8,(포샵아님) 이토준지 토미에 메이크업 ITO Junji Tomie Makeup Tutorial 川上 富江 伊藤潤二, 288116,2020. 6. 10, 7291, 65,800,https://www.youtube.com/watch?v=78gxTVs-YZ4,분장,,
243,PURE.D퓨어디, 45.8,늘 기억하고 잊지않겠습니다. 감사합니다..., 50038,2020. 6. 6, 1838, 13,181,https://www.youtube.com/watch?v=wpJ7RSt2f0c,,,
244,PURE.D퓨어디, 45.8,6月 모두의 개성을 존중해 ( Magazine LEDEBUT ), 47804,2020. 6. 5, 1768, 12,243,https://www.youtube.com/watch?v=Tx7BBbVU-Mg,르데뷰 ,함께하자 ,개성
245,PURE.D퓨어디, 45.8,남친 존멋 분장 해주기로 해놓고 🐷저팔계🐷 만들어주기 ㅋㅋㅋㅋㅋㅋㅋㅋ꿀잼 몰래카메라ㅋㅋㅋㅋㅋㅋ, 204668,2020. 5. 30, 4297, 39,323,https://www.youtube.com/watch?v=PAvuM_gjJ0Q,몰래카메라 ,돼지 ,분장
246,PURE.D퓨어디, 45.8,"XX 넣었더니 완전 진짜 피 인줄 !!! 초저렴 고퀄리티 "" 피 "" 만들기", 62235,2020. 5. 23, 2125, 21,415,https://www.youtube.com/watch?v=XImVHqCD4kc,할로윈 ,할로윈메이크업 ,SFX
247,PURE.D퓨어디, 45.8,분장 대회.. 역대급 실력자 등장에... !! 😱😱😱, 231558,2020. 5. 16, 5554, 63,1021,https://www.youtube.com/watch?v=LHM-uTnB34k,halloween ,sfx ,퓨어디분장배틀시즌3
248,PURE.D퓨어디, 45.8,집순이 밀착 퓨이로그🏠살 빠진 다는 거 다 챙겨 먹다가.. 썩은 우유까지..? 브러쉬세척/특수분장아이디어/다이어트요리, 26209,2020. 5. 12, 932, 19,261,https://www.youtube.com/watch?v=AaaWM34q8FM,,,
249,PURE.D퓨어디, 45.8,잔혹동화4# 인간을 사랑한 메두사 🐍 Medusa falling in love with human (with. galaxy A51), 233320,2020. 5. 8, 7025, 84,639,https://www.youtube.com/watch?v=qJjLNuloaEs,,,
250,PURE.D퓨어디, 45.8,5月 혹시 모르죠. 지금 당신이 보는 그 얼굴도 거짓일지..., 214001,2020. 5. 2, 4330, 41,365,https://www.youtube.com/watch?v=Ft2nfmUWwKM,,,
251,PURE.D퓨어디, 45.8,사랑꾼 남자친구랑 300일 달달한 호캉스 💖 우리 커플이 노는법 (꿀잼👍🏻), 827066,2020. 4. 30, 12733, 348,817,https://www.youtube.com/watch?v=lPegSJAMAdo,,,
332,joanday, 44.9,VLOG • #KindaJoanGem Day in Itaewon & Unistella Cloud Nails ☁️, 87099,2020. 8. 3, 4621, 54,615,https://www.youtube.com/watch?v=b5x5jszIVqw,SEOUL,,
333,joanday, 44.9,[자막] BROTHER STYLES ME • 힙합 스트릿 패션으로 스타일링 해봤어요!! Ft. Supreme Marine Serre Etc.🚦, 63292,2020. 7. 30, 3210, 133,478,https://www.youtube.com/watch?v=7YGtjLLPdfM,SEOUL,,
334,joanday, 44.9,[자막] JULY VLOG • 서울에서 여름 보내기: 투스젬 필라테스 etc.🌻, 103296,2020. 7. 27, 5295, 66,680,https://www.youtube.com/watch?v=jcbDQIImRkY,SEOUL,,
335,joanday, 44.9,[자막] A DAY IN MY LIFE: 잠옷 라인 나왔어요!! SOFT SEOUL에서 하루 일하기 📦, 109348,2020. 7. 20, 5119, 112,645,https://www.youtube.com/watch?v=tIQzptoMGgU,SEOUL,,
336,joanday, 44.9,[자막] MY CLOTHING LINE! | 소프트 서울이랑 파자마 론칭했어요 & Behind the Scenes | JOAN x SOFT SEOUL 📅, 116629,2020. 7. 16, 6789, 122,1091,https://www.youtube.com/watch?v=RcQjvX3Z3oY,SEOUL,,
337,joanday, 44.9,[자막] A DAY AT HOME • 이사 Update 리볼브 하울 & New Skincare 🏠, 122732,2020. 7. 13, 5589, 92,825,https://www.youtube.com/watch?v=Xs-KjZ0scAk,SEOUL,,
338,joanday, 44.9,[자막] NAIL SALON VLOG • 유니스텔라에서 10만원+ 젤네일 받았어요! 💅, 131132,2020. 7. 9, 6759, 92,652,https://www.youtube.com/watch?v=yMbLwB-2-yU,SEOUL,,
339,joanday, 44.9,[자막] JEJU TRAVEL VLOG | 여름 여행으로 제주도에서 힐링🍊, 165088,2020. 7. 6, 8141, 121,958,https://www.youtube.com/watch?v=AGGaeCTUJzU,JEJU,,
340,joanday, 44.9,[자막] VLOG • 가로수길 조던 스토에서 Sneaker Shopping! My 1st Jordans 👟, 156732,2020. 6. 29, 7073, 100,797,https://www.youtube.com/watch?v=_bnX0t1B0y4,SEOUL,,
341,joanday, 44.9,[자막] SUMMER VLOG: 네일 스티커 추천 제주도 여행 준비 수영복 쇼핑 🍉, 188977,2020. 6. 25, 8565, 86,775,https://www.youtube.com/watch?v=-Z-o2j9h3eo,SEOUL,,
342,joanday, 44.9,[자막] IKEA IN KOREA: 드디어 한국에 있는 이케아 가봤어요! 가구 인테리어.. 다사고싶어!! 🛒, 181976,2020. 6. 22, 7836, 103,779,https://www.youtube.com/watch?v=4-vaITnUFLc,SEOUL,,
343,joanday, 44.9,"😈ABG TRANSFORMATION | 외국에서 유명한 ""쎈 언니"" 메이크업 ft. 레이디스코드 Ashley [자막] ✨", 110697,2020. 6. 18, 6312, 81,1055,https://www.youtube.com/watch?v=3TDrSyRWLx4,SEOUL,,
344,joanday, 44.9,[자막] A DAY IN MY LIFE • 꽃시장 홈 인테리어 & 친구들! ft. Kinda cool & Gemjem 💐, 160004,2020. 6. 15, 7355, 80,836,https://www.youtube.com/watch?v=ZQ2FHaEloBM,SEOUL,,
345,joanday, 44.9,💉 드림성형외과 VLOG | 여드름 & Acne Scars Treatment [자막cc], 117623,2020. 6. 8, 5748, 74,977,https://www.youtube.com/watch?v=6gjTYB4NtDk,SEOUL,,
346,joanday, 44.9,[자막] JENTLE HOME • 블랙핑크 제니홈 가봤어요 • 가로수길 VLOG🌸, 146712,2020. 6. 1, 7966, 71,1150,https://www.youtube.com/watch?v=G7P-1qG9Cjs,SEOUL,,
347,joanday, 44.9,🏠 MY KOREAN APARTMENT TOUR | Rearranging Furniture & New Home Decor 🎨, 168095,2020. 5. 25, 6615, 126,832,https://www.youtube.com/watch?v=1RfkVTO5MRg,SEOUL,,
348,joanday, 44.9,🇰🇷 LIFE IN KOREA: New Hair Pilates & 2nd Wave in Seoul?! 😷, 173149,2020. 5. 18, 7225, 87,877,https://www.youtube.com/watch?v=6YbEs3TLKLw,SEOUL,,
349,joanday, 44.9,"🇰🇷 SPRING IN SEOUL: A ""Normal"" Week In Korea 💐", 181301,2020. 5. 11, 7200, 82,835,https://www.youtube.com/watch?v=vNQlBlKYn1o,SEOUL,,
350,joanday, 44.9,🇰🇷 2-WEEK QUARANTINE IN KOREA: Abe's Arrival Care Package & Seoul Hotel Tour 😷, 195367,2020. 5. 4, 7979, 84,911,https://www.youtube.com/watch?v=3rkPK2-YJKg,SEOUL,,
351,joanday, 44.9,👒 SPRING CLOSET CLEANOUT | Top 10 Fashion Essentials 🌷, 106475,2020. 4. 29, 4610, 105,534,https://www.youtube.com/watch?v=Cp-Ptk4ER1k,JOANDAY ,Farfetch ,closet
697,쩡유 JJeong U, 41.7,헬린이+다이어트식단케익만들기얼굴경락 vlog- [쩡유], 18515,2020. 7. 24, 428, 8,46,https://www.youtube.com/watch?v=MajHwPSpgYI,,,
698,쩡유 JJeong U, 41.7,머리빨 메이크업💙꿀팁과거의나추천템 daily makeup tutorial- [쩡유], 54267,2020. 7. 17, 1312, 16,119,https://www.youtube.com/watch?v=FDFIVyPLa94,,,
699,쩡유 JJeong U, 41.7,버릴려고한 여름 옷 하울🥺summer haul - [쩡유], 31081,2020. 6. 27, 681, 29,71,https://www.youtube.com/watch?v=2q7t7xTZQH0,,,
700,쩡유 JJeong U, 41.7,eng 허쉬컷에 어울리는메이크업 GRWM🦋입술필러PT후기 daliy makeup - [쩡유], 62903,2020. 6. 18, 1315, 27,156,https://www.youtube.com/watch?v=yZr0o1OTy1M,립추천 ,데일리메이크업 ,허쉬컷
701,쩡유 JJeong U, 41.7,ITZY 류진st 메이크업🦋ITZY MAKEUP (어깨춤?)- [쩡유], 36930,2020. 6. 3, 1197, 15,150,https://www.youtube.com/watch?v=JjPlgsjYfbg,데일리메이크업 ,류진 ,ITZY
702,쩡유 JJeong U, 41.7,💙#쿨톤추천템 데일리메이크업 feat.로드샵 - [쩡유], 115747,2020. 5. 27, 2698, 29,217,https://www.youtube.com/watch?v=5GvPxUI3hCM,,,
703,쩡유 JJeong U, 41.7,찐 웜톤메이크업☀️여름메이크업꿀템 warm tone makeup - [쩡유], 101578,2020. 5. 13, 2152, 40,170,https://www.youtube.com/watch?v=HinGCe4uzPQ,웜톤메이크업 ,같이준비해요 ,여름추천템
704,쩡유 JJeong U, 41.7,ENG 복숭아메이크업🍑실패없는 거지존 스타일링 Peach makeup - [쩡유], 100307,2020. 5. 12, 2499, 37,282,https://www.youtube.com/watch?v=rWkuGLhY0_M,,,
705,쩡유 JJeong U, 41.7,ENG/JP Sub 로드샵 장원영st 플럼 메이크업💜IZONE MAKEUP- [쩡유], 465613,2020. 5. 6, 13240, 162,1014,https://www.youtube.com/watch?v=RcgmQKXqzbY,플럼메이크업 ,장원영 ,아이즈원
706,쩡유 JJeong U, 41.7,100%안묻어나는 메이크업+3통째인 수분에센스 꿀팁+vlog- [쩡유], 45483,2020. 5. 2, 898, 21,80,https://www.youtube.com/watch?v=TZO26D-9lTw,라네즈 ,워터뱅크에센스 ,수분에센스
707,쩡유 JJeong U, 41.7,그냥 데일리메이크업 같이준비해요(Q&A답변) daily makeup- [쩡유], 67773,2020. 4. 25, 1163, 22,108,https://www.youtube.com/watch?v=S-DhiPFFIpg,,,
708,쩡유 JJeong U, 41.7,eng 마스크팩 매일하면 변화는?💦효과부작용주의사항- [쩡유], 16229,2020. 4. 9, 427, 9,37,https://www.youtube.com/watch?v=FJs-oYXDb3c,,,
709,쩡유 JJeong U, 41.7,리얼 5분 메이크업💖바쁠 때 화장꿀팁 quick makeup- [쩡유], 100449,2020. 4. 2, 2046, 43,190,https://www.youtube.com/watch?v=bI-H4fbS7Pk,출근메이크업 ,5분화장 ,퀵메이크업
710,쩡유 JJeong U, 41.7,ENG 드디어 웜톤뮤트메이크업/비실크쿠션3CE누드팔레트 신상리뷰 - [쩡유], 99475,2020. 3. 22, 2208, 46,158,https://www.youtube.com/watch?v=G0RJSgMLC9g,웜톤뮤트 ,추천템 ,토리든
711,쩡유 JJeong U, 41.7,vlog :: 달고나커피/sns핫템리뷰/랜선술자리/클렌징루틴- [쩡유], 20113,2020. 3. 21, 482, 23,64,https://www.youtube.com/watch?v=Yb7b4iC_NAE,,,
712,쩡유 JJeong U, 41.7,Eng#올로드샵 봄 메이크업(따라하기쉬움)🌷Spring makeup - [쩡유], 122368,2020. 3. 18, 2898, 44,232,https://www.youtube.com/watch?v=yYZ3dmSRd0w,,,
713,쩡유 JJeong U, 41.7,Eng 새벽에 몰래하는 메이크업/이런 립 좋아해요 hoxy..?/소소꿀팁- [쩡유], 81636,2020. 3. 10, 2252, 46,237,https://www.youtube.com/watch?v=gCtnWYf8jsM,꿀팁메이크업 ,처진눈메이크업 ,립추천
714,쩡유 JJeong U, 41.7,Eng매일 스쿼트100개 한달 해봤더니? 스쿼트꿀팁/뷰티챌린지- [쩡유], 797258,2020. 3. 6, 7230, 247,619,https://www.youtube.com/watch?v=y3PJfB3wmn8,스쿼트100개 ,스쿼트꿀팁 ,홈트
715,쩡유 JJeong U, 41.7,eng애드라 역대급 형광메이크업 보러와❤️인스타 메이크업 GRWM- [쩡유], 141039,2020. 2. 28, 3506, 65,394,https://www.youtube.com/watch?v=JkPQCws3hZA,인스타메이크업 ,형광메이크업 ,반말메이크업
716,쩡유 JJeong U, 41.7,플로팅조식 해외 갈 필요없어요🤭#생일호캉스 in 여수 - [쩡유], 37220,2020. 2. 26, 822, 15,74,https://www.youtube.com/watch?v=XMn9opju8eo,,,
917,조두팔, 38.2,입술필러 맞고 왔어요., 412252,2020. 7. 29, 7495, 569,1152,https://www.youtube.com/watch?v=sFlCsnnKq7E,입술필러 ,필러 ,조두팔
918,조두팔, 38.2,1년전 초창기시절 영상보면서 따라하기, 319537,2020. 7. 26, 7551, 208,1099,https://www.youtube.com/watch?v=rotvfHXh_LI,조두팔 ,추억 ,메이크업
919,조두팔, 38.2,조두팔 인스타 셀카 실체, 518862,2020. 7. 20, 9969, 377,1000,https://www.youtube.com/watch?v=brd6Xp8xcAk,페이스튠2셀카이벤트 ,페이스튠2 ,인플루언서셀카보정어플
920,조두팔, 38.2,X나 예뻐져서 돌아온 조두팔, 798431,2020. 7. 15, 17508, 1059,3233,https://www.youtube.com/watch?v=uBSQsoxwrRI,메이크업 ,성형후 ,조두팔
921,조두팔, 38.2,두팔아. 혁민오빠가 화장해줄게, 259342,2020. 7. 10, 4332, 188,656,https://www.youtube.com/watch?v=sY2kAxOoAp8,혁민몬 ,조두팔 ,메이크업
922,조두팔, 38.2,전신지방흡입 하고왔습니다., 729459,2020. 7. 5, 10933, 1988,2130,https://www.youtube.com/watch?v=JpeQCr3L7xs,지방흡입 ,조두팔 ,전신지방흡입
923,조두팔, 38.2,치킨떡볶이, 411606,2020. 7. 3, 8189, 238,1078,https://www.youtube.com/watch?v=FSM-YxPxbuA,레게노치킨 ,맛있네 ,진짜
924,조두팔, 38.2,과자집 만들다가 현타온 조두팔, 370066,2020. 7. 1, 8738, 260,1189,https://www.youtube.com/watch?v=VSsEUivf4lc,광고 ,썸썸 ,디즈니
925,조두팔, 38.2,너 뭐라고했냐?, 507369,2020. 6. 24, 9872, 340,881,https://www.youtube.com/watch?v=nZ7ytQT0-9A,당연하지 ,게임 ,조두팔
926,조두팔, 38.2,모든 성형을 다 끝낸 후 화장하는 조두팔, 800647,2020. 6. 19, 12467, 1105,1863,https://www.youtube.com/watch?v=pQUzy6LqxnI,조두팔 ,화장 ,하기
927,조두팔, 38.2,술찌 두명이 술먹기, 398914,2020. 6. 15, 6634, 215,322,https://www.youtube.com/watch?v=CbjizT7NMa4,조두팔 ,술 ,방송
928,조두팔, 38.2,눈썹 염색했어요 ㅎㅎ, 565485,2020. 6. 11, 10779, 424,1853,https://www.youtube.com/watch?v=wZijWJDRhu8,눈썹 ,염색 ,탈색
929,조두팔, 38.2,붙임머리 한 조두팔, 908376,2020. 6. 7, 14982, 593,2760,https://www.youtube.com/watch?v=5Xqquh2DX3s,붙임머리 ,붙임머리잘하는곳 ,아이쁘다
930,조두팔, 38.2,드디어 공개합니다., 1074224,2020. 6. 4, 18912, 1272,4866,https://www.youtube.com/watch?v=toq2AHZiivc,안면윤곽 ,수술 ,김기웅원장님
931,조두팔, 38.2,조두팔 안면윤곽 후..., 748410,2020. 6. 1, 12645, 987,1954,https://www.youtube.com/watch?v=tZldOdmb1gs,조두팔 ,안면윤곽 ,일상
932,조두팔, 38.2,턱 깎는 성형 하고왔어요, 1071417,2020. 5. 27, 23042, 7873,6973,https://www.youtube.com/watch?v=T2rpylmfd2c,안면윤곽 ,성형 ,조두팔
933,조두팔, 38.2,허벅지 지방흡입 궁금한거 다답해드림, 804892,2020. 5. 24, 10728, 445,1318,https://www.youtube.com/watch?v=mxSL7wQzBuw,지방흡입 ,큐앤에이 ,궁금한거
934,조두팔, 38.2,허벅지 지방흡입 성형 2달차, 868227,2020. 5. 22, 21084, 718,4676,https://www.youtube.com/watch?v=eOhgkCBZfQ8,지방흡입 ,허벅지 ,러브핸들
935,조두팔, 38.2,혁민오빠 자리비웠을때 콜라에 간장 타기, 618644,2020. 5. 20, 10483, 278,1430,https://www.youtube.com/watch?v=u_X96o7Xe6c,치킨 ,치킨매니아 ,레게노치킨
936,조두팔, 38.2,핑크공주로 변신한 조두팔, 798318,2020. 5. 19, 14012, 536,2982,https://www.youtube.com/watch?v=HRopgIyB2B8,조두팔 ,염색 ,핑크
793,Minjeong Park, 32.7,(eng) Instagram Baddie Makeup 🦋 Minjeong Park, 24975,2020. 8. 8, 812, 19,114,https://www.youtube.com/watch?v=kM8BSG9_to4,인스타메이크업 ,인스타그램메이크업 ,스트릿메이크업
794,Minjeong Park, 32.7,민정이네 심야식당 #3 불고기 통밀 펜네 파스타 🍝 결정장애 오는 밸런스 게임 Late Night Restaurant : Penne Pasta | Minjeong Park, 28124,2020. 8. 1, 571, 10,97,https://www.youtube.com/watch?v=VT9alHtee2w,심야식당 ,야식 ,통밀파스타
795,Minjeong Park, 32.7,잠옷 몽땅 소개 / 집순이 만렙 12가지 잠옷들 🛏🌙 Loungewear Try-On Haul | Minjeong Park, 36729,2020. 7. 25, 906, 22,100,https://www.youtube.com/watch?v=VxdVEkNC6-k,잠옷 ,잠옷하울 ,잠옷소개
796,Minjeong Park, 32.7,(eng cc) 휴가 땐 이렇게 입고 싶다! 🏖 최애 쇼핑몰에서 산 여름옷들 2020 Summer Fashion Haul | Minjeong Park, 64642,2020. 7. 18, 1393, 19,167,https://www.youtube.com/watch?v=QkL6eGk6omA,여름옷하울 ,패션하울 ,데일리룩
797,Minjeong Park, 32.7,(eng) 시원하게 로맨틱 힙 롱원피스 스타일링 💙 반말 겟레디! 겨울 쿨 메이크업 GRWM: cool romantic and hip long dress styling!, 56954,2020. 7. 11, 1373, 24,140,https://www.youtube.com/watch?v=Q6nVlfMtgkQ,겟레디윗미 ,같이준비해요 ,겟레디
798,Minjeong Park, 32.7,생일주간 브이로그 🎂 / 6월 여름 데일리룩 달걀 장조림 만들기 샤넬 귀걸이 언박싱, 74777,2020. 7. 4, 1459, 40,266,https://www.youtube.com/watch?v=iWRKVtMU5y0,일상 ,브이로그 ,생일브이로그
799,Minjeong Park, 32.7,(sub soon) 내 인생 내가 챙기자 🙋🏻‍♀️ 삶의 질 높여주는 제품들 / 구강청결 진동클렌저 영양제 책 | Minjeong Park, 59832,2020. 6. 14, 1593, 17,139,https://www.youtube.com/watch?v=bpATZm2iAzE,인생템 ,삶의질아이템 ,삶의질상승
800,Minjeong Park, 32.7,(eng) 요청폭주 보라보라 ☂️ 퍼플 메이크업 / 롬앤 말린 라벤더 사용법 Purple Makeup | Minjeong Park, 77924,2020. 6. 6, 1993, 31,162,https://www.youtube.com/watch?v=MrJixWll_vA,쿨톤메이크업 ,보라메이크업 ,쿨톤팔레트
801,Minjeong Park, 32.7,운동에 미쳐버린 요즘 일상 / 관리의 신을 꿈꾸며 workout vlog | Minjeong Park, 90898,2020. 5. 31, 1585, 34,235,https://www.youtube.com/watch?v=gvBgxeah-7w,운동브이로그 ,브이로그 ,일상
802,Minjeong Park, 32.7,(eng) 여름맞이 신상 미니원피스 크롭탑 같이 코디해보자 / 미리보는 여름옷 하울 🏖 Let’s put together summer outfits | Minjeong Park, 126249,2020. 5. 23, 2604, 40,187,https://www.youtube.com/watch?v=gjrVI-cFZ6E,여름옷하울 ,패션하울 ,데일리룩
803,Minjeong Park, 32.7,(eng) 반말로 준비하는 나이키 레드립 메이크업 ❤️ 나이키 스타일링 Casual chit chat GRWM Nike Red Lip Makeup | Minjeong Park, 109989,2020. 5. 16, 2515, 35,244,https://www.youtube.com/watch?v=qZUEipRoII0,레드립메이크업 ,나이키메이크업 ,모자메이크업
804,Minjeong Park, 32.7,봄 일주일 데일리룩 / Spring Outfits of the Week | Minjeong Park, 102363,2020. 5. 9, 2074, 37,164,https://www.youtube.com/watch?v=9THPFLqU86g,데일리룩 ,봄코디 ,봄옷하울
805,Minjeong Park, 32.7,(eng) 새 화장품들로 같이 준비해요! 뉴트로 빈티지룩 화사한 봄코디 🌻 Get Ready With Me (feat.에뛰드 로제와인) | Minjeong Park, 83254,2020. 5. 2, 1581, 19,131,https://www.youtube.com/watch?v=34UsLI11BaI,봄메이크업 ,뉴트로 ,봄코디
806,Minjeong Park, 32.7,집순민정 다이어리 Ep.13 즐거운 나의 집 At home vlog | Minjeong Park, 107678,2020. 4. 25, 1816, 38,307,https://www.youtube.com/watch?v=TPeFE5StfQ0,집순민정다이어리 ,집순이일상 ,브이로그
807,Minjeong Park, 32.7,(eng) 운동복 입어보기 🏋🏻‍♀️ 헬스 필라테스복 소개 / 젝시믹스 뮬라웨어 콘치웨어 Activewear that I wear often, 84404,2020. 4. 18, 1514, 20,115,https://www.youtube.com/watch?v=JlQs78B7RzU,운동복 ,운동복하울 ,필라테스복
808,Minjeong Park, 32.7,(eng cc) 봄맞이 구매한 12가지 화사한 것들 (트렌치코트 자켓 셔츠 가방 액세서리) 20대 추천 봄 코디 Spring Fashion Haul & Outfit Tips, 141395,2020. 4. 11, 3064, 41,255,https://www.youtube.com/watch?v=2jtrXgdrQBI,봄패션하울 ,패션하울 ,봄옷코디
809,Minjeong Park, 32.7,(eng) 에뛰드 플라워티라떼로 쿨톤 메이크업 💜 분위기 넘치는 벚꽃 메이크업 / 올로드샵 Instagram Makeup | Minjeong Park, 82518,2020. 4. 4, 2247, 36,177,https://www.youtube.com/watch?v=8aGzEojiMZg,쿨톤메이크업 ,플라워티라떼 ,쿨톤팔레트
810,Minjeong Park, 32.7,(eng) 역대급 분량 일주일 브이로그 / 집순이와 밖순이 그 어디쯤 / 배달음식 오지게 먹는 일상 My longest vlog ever: a week in my life, 158296,2020. 3. 28, 2358, 56,283,https://www.youtube.com/watch?v=_2I7vHM8NhI,일상 ,브이로그 ,일상브이로그
811,Minjeong Park, 32.7,(eng) 촬영 가는 날 같이 준비해요! 오랜만에 화려하게✨ 화면빨 잘 받는 메이크업 GRWM Camera-ready look | Minjeong Park, 92248,2020. 3. 21, 1602, 46,156,https://www.youtube.com/watch?v=EbIVIkDIVXU,같이준비해요 ,겟레디윗미 ,겟레디
812,Minjeong Park, 32.7,글로우베리 민정마켓 공지 ☁️ 수부지 모여라! 진정 시카 앰플 데일리 수분크림 | Minjeong Park, 18782,2020. 3. 20, 348, 12,48,https://www.youtube.com/watch?v=jRoo6YuHeAw,글로우베리 ,시카앰플 ,수분크림
873,Minsco 민스코, 32.2,NEW&HOT 팔레트 모음 리뷰! 데이지크/힌스/에스쁘아/릴리바이레드 | 민스코 Minsco, 40692,17시간 전 최초 공개, 2103, 9,260,https://www.youtube.com/watch?v=n3YJGivoSJs,,,
874,Minsco 민스코, 32.2,✨떠먹팁#17: 자연스러운 오버립 바르는 법 (얼굴여백축소?) (베이스립추천/레어카인드틴트/롬앤립스틱) | 민스코 Minsco, 59417,최초 공개: 2020. 8. 8, 2484, 13,1554,https://www.youtube.com/watch?v=FdaeDakZeQg,,,
875,Minsco 민스코, 32.2,은은한데 또렷한 그런 거^^ (무쌍메이크업 GRWM / 에스쁘아 빈티지레이스) | 민스코 Minsco, 77281,최초 공개: 2020. 8. 5, 2613, 22,228,https://www.youtube.com/watch?v=e2w9Cuid8hw,25N ,BROOM ,MURMURING
876,Minsco 민스코, 32.2,#댄스코 🖤HOW YOU LIKE THAT🖤 왁킹버전 도전! (BLACKPINK) | 민스코 Minsco, 36184,최초 공개: 2020. 8. 4, 1118, 13,65,https://www.youtube.com/watch?v=woyJL3a2-Cw,,,
877,Minsco 민스코, 32.2,출근룩 GRWM! 생장미즙 메이크업 + TMI (다이어트 왜해요?/자존감/턱필러) | 민스코 Minsco, 68044,최초 공개: 2020. 7. 30, 1901, 30,215,https://www.youtube.com/watch?v=I_25YBz3dpQ,글라스루즈틴트 ,유리막틴트 ,물먹립
878,Minsco 민스코, 32.2,입생로랑 밀크티 컬렉션 5컬러🕊 (편하게 립스코/입생로랑잘알) | 민스코 Minsco, 59189,최초 공개: 2020. 7. 29, 1913, 13,121,https://www.youtube.com/watch?v=rvrihu_Fhf0,,,
879,Minsco 민스코, 32.2,운동 뽐뿌 영상! 힙운동 조진 날 (개인PT/바디프로필준비) | 민스코 Minsco, 24457,최초 공개: 2020. 7. 27, 730, 8,73,https://www.youtube.com/watch?v=yu6rlI7BsNM,,,
880,Minsco 민스코, 32.2,브라운+블루 포인트=오묘! 무쌍 메이크업 GRWM (힌스 팔레트 젠틀앤펌) | 민스코 Minsco, 62282,최초 공개: 2020. 7. 22, 2568, 21,218,https://www.youtube.com/watch?v=yGR6lSdJt20,25N ,BROWN ,BROOM
881,Minsco 민스코, 32.2,롬앤 & 3CE 리뷰 속 메이크업 4개 모음 (더보기잔뜩/무쌍/여름데일리메이크업) | 민스코 Minsco, 67727,최초 공개: 2020. 7. 19, 2426, 16,187,https://www.youtube.com/watch?v=pgO5-80dZRY,DEEP ,BROWN ,CLEAN
882,Minsco 민스코, 32.2,투명맑음! 3CE 클리어 레이어 에디션 리뷰 (블러셔/소프트매트립스틱/팔레트) | 민스코 Minsco, 141792,최초 공개: 2020. 7. 17, 4794, 40,314,https://www.youtube.com/watch?v=sIuPyaF_Tr4,샷어게인 ,딜라이트풀 ,리틀모어
883,Minsco 민스코, 32.2,롬앤 끝! 쥬시 래스팅 틴트 여름신상 4종 리뷰(착색확인/컬러비교) | 립스코 | 민스코 Minsco, 113818,최초 공개: 2020. 7. 11, 3312, 17,266,https://www.youtube.com/watch?v=d5BzIc7UnBk,,,
884,Minsco 민스코, 32.2,리뉴얼! 롬앤 ROM&ND 제로 매트 립스틱 20컬러 리뷰 (지속력 짱쉘비치누드) | 립스코💋| 민스코 Minsco, 213959,최초 공개: 2020. 7. 10, 6368, 34,558,https://www.youtube.com/watch?v=mM4eE-6w7GY,,,
885,Minsco 민스코, 32.2,신컬러 출시! 롬앤 제로 벨벳 틴트 전컬러 (앤셜리 컴백 + 쉘 누드 비치) | 립스코💋 | 민스코 Minsco, 177371,최초 공개: 2020. 7. 7, 5683, 30,439,https://www.youtube.com/watch?v=OS8tQozp52g,,,
886,Minsco 민스코, 32.2,숨겨뒀던... 1분 데일리 메이크업 4가지 (그때 헤라룩 세로영상) | 민스코 Minsco, 52940,최초 공개: 2020. 7. 5, 2063, 6,156,https://www.youtube.com/watch?v=7SyLjbfNNl4,,,
887,Minsco 민스코, 32.2,🤭롬앤 페어칩 온고잉 기념! 빈티지 메이크업 with 신상들 (라네즈쿠션/데이지크/라이크홀리/어퓨 등), 125864,최초 공개: 2020. 7. 4, 3850, 43,454,https://www.youtube.com/watch?v=pbq_7kcqSME,25N ,BLACK ,BROWN
888,Minsco 민스코, 32.2,처음 듣는데...1위 쿠션? 자빈드서울 윙크 쿠션 장단점 리뷰! (지속력까지✔️) | 민스코 Minsco, 97345,최초 공개: 2020. 6. 5, 2230, 16,272,https://www.youtube.com/watch?v=o9sbLFlvbLU,,,
889,Minsco 민스코, 32.2,센언니! 이목구비 꽉 채워주시고 코찌 추가요👆 (청하 커버댄스 무쌍 메이크업) | 민스코 Minsco, 57824,최초 공개: 2020. 6. 4, 1680, 19,138,https://www.youtube.com/watch?v=UMcsXALeMCg,DEEP ,SMOOTHER ,BE01
890,Minsco 민스코, 32.2,/댄스코/ CHUNG HA(청하) - STAY TONIGHT DANCE cover. | 민스코 Minsco, 76045,최초 공개: 2020. 5. 23, 4138, 71,365,https://www.youtube.com/watch?v=eDBvOLwfHIQ,,,
891,Minsco 민스코, 32.2,나.원래.댄서야😭 청하 안무가한테 STAY TONIGHT 배우기! (댄서 리안) | 댄스코 | 민스코 Minsco, 59022,최초 공개: 2020. 5. 22, 1958, 13,132,https://www.youtube.com/watch?v=sPBhPrJ9T5I,,,
892,Minsco 민스코, 32.2,메이크업 순-삭! 블랙헤드 순-삭! 인생 클렌징오일 #민스코샵 (넘버즈인), 46005,최초 공개: 2020. 5. 17,,,147,https://www.youtube.com/watch?v=TqnxUh80qfQ,,,
581,보송지니Couple, 28,안녕하세요 보송지니입니다., 112699,2020. 7. 24, 2104, 46,275,https://www.youtube.com/watch?v=WOUjIeAFoWk,,,
582,보송지니Couple, 28,보송지니) 요즘 핫한 연예인 치아 관리방법! / 🦷하나도 안가는 무삭제 제로네이트 했어요! / [무삭제 라미네이트 + 미백], 53375,2020. 7. 1, 782, 16,127,https://www.youtube.com/watch?v=4RrdWaEItbY,,,
583,보송지니Couple, 28,보송지니)인생 증명사진 찍었습니다❤️ 화면빨 잘받는 증명사진 Make-up🤍 [은발커플증명사진], 264843,2020. 6. 12, 5601, 88,360,https://www.youtube.com/watch?v=wtLNkbC8WCU,아넷사 ,퍼펙트UV선스크린스킨케어밀크,
584,보송지니Couple, 28,보송지니) 남자친구 지갑털기 롭스 50 만원 하울 !쇼핑하고 커플 메이크업 하기 💕, 89611,2020. 4. 27, 2079, 37,134,https://www.youtube.com/watch?v=NUTFYVvf1O8,롭스하울 ,롭스쇼핑 ,봄메이크업
585,보송지니Couple, 28,보송지니) [요청폭주] 최초로 공개하는 지니의 메이크업 영상💜 긴머리 고데기 같이해요~, 424797,2020. 3. 25, 9582, 157,539,https://www.youtube.com/watch?v=XL40n7Rd3Yc,,,
586,보송지니Couple, 28,보송지니) 봄 맞이 셀프 커플 염색했어요 !! ❣🌷, 113880,2020. 2. 9, 2713, 39,215,https://www.youtube.com/watch?v=uDfsPtIXOrk,,,
587,보송지니Couple, 28,보송지니) 여자친구가 괌에 갔다! 2년만에 흑발로 몰래 염색하고 공항 마중나가기❤️, 786111,2020. 1. 17, 6714, 141,310,https://www.youtube.com/watch?v=nYuHqhAfIYE,,,
588,보송지니Couple, 28,보송지니) 호캉스!! 마카오에 가다❤️ 호텔이 넘 커서 길 잃을뻔했지 뭐야.. 힐링Vlog, 229919,2020. 1. 9, 4131, 60,189,https://www.youtube.com/watch?v=Ao8okiTCnVQ,,,
589,보송지니Couple, 28,보송지니) 남자친구 몰래 4년만에 흑발하고 반응보기ㅋㅋㅋㅋ, 967760,2019. 11. 25, 9363, 169,407,https://www.youtube.com/watch?v=xt8iUjmHX9o,,,
590,보송지니Couple, 28,보송지니) 꿀잼보장!! 일주일만에 상봉! 한옥마을 데이트💙 팬들에게 둘러싸이다!, 249570,2019. 11. 18, 5209, 66,251,https://www.youtube.com/watch?v=1gk63tw3QHc,,,
591,보송지니Couple, 28,보송지니) 할리퀸 조커 Couple 메이크업♠️, 195925,2019. 11. 2, 5927, 104,224,https://www.youtube.com/watch?v=gwahh-gfm3k,,,
732,hanabono하나보노, 27.1,완전! 대박! 티 안나는 여드름패치 소개 바르는 여드름패치가 있다구?, 125,2020. 8. 5, 14, 2,19,https://www.youtube.com/watch?v=vsOBkeMkfW4,,,
733,hanabono하나보노, 27.1,큰 가슴들 모여라~ 노와이어브라추천브라렛추천, 9185,2020. 7. 24, 861, 4,47,https://www.youtube.com/watch?v=rqYxAg50gNE,,,
734,hanabono하나보노, 27.1,추성훈 콜라챌린지 노브랜드 펩시 맥스 콜라 원샷하고 트림 안하고 노래부르기, 43568,2020. 7. 19, 960, 3,30,https://www.youtube.com/watch?v=KFagf4CQ1kU,,,
735,hanabono하나보노, 27.1,얼음물로 세안을 하면 모공이 작아진다구? 진짜인지 리얼 실험 #모공줄이는법 #모공관리, 13769,2020. 7. 17, 598, 5,46,https://www.youtube.com/watch?v=GwS788VKMRQ,,,
736,hanabono하나보노, 27.1,비타민 화장품 뭐가 좋은데? 폼클렌징 앰플 크림까지 다 써봤다!, 9221,2020. 6. 26, 578, 7,32,https://www.youtube.com/watch?v=KXQX6u03RJQ,,,
737,hanabono하나보노, 27.1,1일1깡? 난 1일1앰플이다 화려한 조명이 나를 감싸는 듯한 스킨케어, 41196,2020. 6. 21, 545, 6,72,https://www.youtube.com/watch?v=-N80AcvT3mo,,,
738,hanabono하나보노, 27.1,밀키스가 블루에이드 만난날 #쿨톤여름메이크업 #여름쿨톤메이트업, 51238,2020. 6. 10, 624, 6,66,https://www.youtube.com/watch?v=vSx-HABAY2M,,,
739,hanabono하나보노, 27.1,땀과 피지에 대항하는 피부 클린뷰티템 소개 feat 얼루어, 22299,2020. 6. 1, 415, 5,36,https://www.youtube.com/watch?v=JsrTIGdWvgM,,,
740,hanabono하나보노, 27.1,[대박이벤트] 하나보노이자 #콧노래상점 사장님의 분단위로 움직이는 일상 대공개!! #홈카페 #홈카페컵, 20531,2020. 5. 31, 356, 3,83,https://www.youtube.com/watch?v=uRPtPijeNys,,,
741,hanabono하나보노, 27.1,하나보노의 요즘 찐힐링타임 러쉬 입욕제 추천 욕실템 소개, 26205,2020. 5. 27, 389, 4,31,https://www.youtube.com/watch?v=uEnu_r-vqOg,,,
742,hanabono하나보노, 27.1,곧 여름 수부지 파운데이션 5종 추천, 42530,2020. 5. 22, 375, 11,75,https://www.youtube.com/watch?v=T16FYiPmrcA,절대밀착스펀지 ,싱크로밀착파데 ,싱크로밀착쿠션
743,hanabono하나보노, 27.1,명품립스틱 3대장 리뷰! 에르메스립스틱 구찌립스틱 돌체앤가바나립스틱 리뷰, 20337,2020. 5. 17, 381, 6,46,https://www.youtube.com/watch?v=LCWRr6HbASc,,,
744,hanabono하나보노, 27.1,화장솜 없이 클렌징워터로만 세안하기 간증 붉은기 확잡음 feat스킨케어템소개, 21058,2020. 5. 10, 622, 4,77,https://www.youtube.com/watch?v=JuZr3z3lX6k,,,
745,hanabono하나보노, 27.1,수부지 하나보노의 겉속촉촉 17년 짬밥 부동의 1위 수분에센스 리뷰 feat 대유잼 실험, 79102,2020. 5. 8, 848, 6,85,https://www.youtube.com/watch?v=oFOzEOy_ex8,,,
746,hanabono하나보노, 27.1,선크림 영상 이제 종결! 선크림 기본상식 제형별 피부타입별 선크림추천, 16084,2020. 4. 29, 575, 5,48,https://www.youtube.com/watch?v=XF3IHfLw0zk,,,
747,hanabono하나보노, 27.1,코로나시대 하나보노는 뭐하고 지낼까요?, 51425,2020. 4. 26, 604, 6,64,https://www.youtube.com/watch?v=81asTDEiJtk,,,
748,hanabono하나보노, 27.1,진짜 간미연 언니 등장!!! 베이비복스 간미연 메이크업 #탑골메이크업, 16517,2020. 4. 23, 397, 4,51,https://www.youtube.com/watch?v=pMpsBXzpkYQ,,,
749,hanabono하나보노, 27.1,마스크 쓸 때 애용하는 선크림 4종! 안묻어나 지속력 좋아😗 #선크림추천, 23715,2020. 4. 19, 497, 11,47,https://www.youtube.com/watch?v=uYEPgWy-YPk,,,
750,hanabono하나보노, 27.1,봄 신상으로 해보는 방구석 꽃놀이 메이크업🌸🌼🌷🌹#봄메이크업 #여쿨봄메이크업, 21112,2020. 4. 12, 489, 9,76,https://www.youtube.com/watch?v=FK1WLfy-LD8,,,
751,hanabono하나보노, 27.1,#탑골메이크업 탑골 전사 샤크라 메이크업, 13442,2020. 4. 5, 387, 7,44,https://www.youtube.com/watch?v=QAQ21WEGYQI,,,
792,니후Nihoo, 26.7,방탄소년단 정국 커버 메이크업하고 BTS - ON 작은 것들을 위한 시 댄스커버ㅣBTS Jungkook Cover Makeup and Dance Cover, 29924,2020. 7. 29, 2308, 26,213,https://www.youtube.com/watch?v=TiPrqDRPiQk,bts ,jungkook ,btsdancecover
793,니후Nihoo, 26.7,방탄소년단 정국 헤어&메이크업을 하고 길거리에서 춤을 췄더니.... 사람들 반응ㅎㄷㄷ, 316187,2020. 7. 29, 8184, 218,576,https://www.youtube.com/watch?v=mnb5cVOP9Eg,정국커버메이크업 ,jungkookcovermakeup ,사람들반응
794,니후Nihoo, 26.7,오디션 볼 때 꼭 있는 기획사 실장님 유형(ㄹㅇ공감) Types of K-POP Idol Audition Managers, 17315,2020. 7. 24, 1232, 6,146,https://www.youtube.com/watch?v=Yryn8ThDQtU,아이돌오디션 ,오디션실장님유형 ,유형별오디션실장님
795,니후Nihoo, 26.7,[몰카] 커플이 함께 춤을 배우러 갔는데 미녀 여자친구 겨털이 정글이라면 선생님 반응은!?ㅋㅋㅋㅋ, 358602,2020. 7. 21, 9932, 93,492,https://www.youtube.com/watch?v=s_5j-WRel0M,몰카 ,미녀몰카 ,미녀여친
796,니후Nihoo, 26.7,SUB)[몰카]연극을 보러 갔는데 실제 배우가 개썅마이웨이 연기를 한다면 관객들 반응은!?ㅋㅋㅋㅋ (반전주의), 13342,2020. 7. 16, 706, 9,87,https://www.youtube.com/watch?v=-SF6dAyfZeI,몰카 ,개썅마이웨이 ,연극몰카
797,니후Nihoo, 26.7,엑소 방탄소년단 세븐틴 고음 비교(3옥파~솔) EXO BTS SEVENTEEN VOCAL HIGH NOTE CHALLENGE, 30493,2020. 7. 12, 1758, 19,344,https://www.youtube.com/watch?v=HkxrL87VVdc,3옥타브 ,엑소 ,방탄소년단
798,니후Nihoo, 26.7,sub)[몰카] 미녀 선생님에게 춤을 배우던 훈남 학생들의 겨털이 정글이라면??ㅋㅋㅋㅋㅋ, 236911,2020. 7. 9, 5780, 46,473,https://www.youtube.com/watch?v=ivq0SzJ79-U,몰카 ,미녀몰카 ,훈남몰카
799,니후Nihoo, 26.7,블랙핑크에 미쳐버린 남자의 BLACKPINK 'How You Like That' DANCE COVER 댄스 커버, 45423,2020. 7. 3, 3438, 42,280,https://www.youtube.com/watch?v=3F7uHK5NC0E,BLACKPINK ,블랙핑크 ,HowYouLikeThat
800,니후Nihoo, 26.7,SEVENTEEN (세븐틴) 'Left & Right' Dance Cover 댄스커버ㅣ'Left & Right' Challenge, 16567,2020. 6. 29, 1374, 11,133,https://www.youtube.com/watch?v=4rGuME0ubeM,세븐틴 ,seventeen ,left
801,니후Nihoo, 26.7,sub)전문 댄서가 보는 BLACKPINK - 'How You Like That' MV Reaction 리액션, 105085,2020. 6. 27, 4666, 104,229,https://www.youtube.com/watch?v=FumzBskCGsQ,BLACKPINK ,HowYouLikeThat ,MVRAECTION
802,니후Nihoo, 26.7,제 눈앞에서 실제 아이돌 가수분들이 춤을 추고 계시네요...이거 꿈이겠죠..?, 55384,2020. 6. 26, 2918, 13,238,https://www.youtube.com/watch?v=-kAMv-VDEaM,안무리액션 ,디크런치 ,아이돌직관
803,니후Nihoo, 26.7,sub) 나한테 춤을 배우던 몸치 학생들이 아이돌 가수라고...!?? 칼군무 ㄹㅈㄷ, 1042549,2020. 6. 26, 21205, 263,1062,https://www.youtube.com/watch?v=ZGop-JjQ72o,디크런치 ,몰카 ,몰카레전드
804,니후Nihoo, 26.7,sub)[몰카] 70세 할아버지가 노래 못 부르는척 하다가 갑자기 잘 부른다면!?ㅋㅋㅋㅋㅋ 박완규 - 천년의 사랑, 347589,2020. 6. 23, 6957, 197,473,https://www.youtube.com/watch?v=Y60SE09120o,몰카 ,할아버지몰카 ,몰카레전드
805,니후Nihoo, 26.7,SUB) 마스크 껴도 오랫동안 유지되는 화장법ㅣ여름에 땀 흘려도 안 지워지는 메이크업ㅣ남자 데일리 메이크업, 9544,2020. 6. 18, 512, 7,89,https://www.youtube.com/watch?v=6LjW20ipfOc,남자데일리메이크업 ,남자화장법 ,여름메이크업
806,니후Nihoo, 26.7,sub)[몰카] 춤을 처음 배우러 가신 몸치 할아버지가 춤을 잘 춘다면!??ㅋㅋㅋㅋㅋ, 300530,2020. 6. 16, 6952, 148,412,https://www.youtube.com/watch?v=5A0FLjaJu4Y,몰카 ,할아버지몰카 ,노인몰카
807,니후Nihoo, 26.7,깡 리믹스에 안무를 만들어 봤습니다 GANG Official Remix Choreography by nihoo, 13800,2020. 6. 12, 787, 7,101,https://www.youtube.com/watch?v=2yE0usrhBeU,깡리믹스 ,1일1깡 ,깡리믹스안무
808,니후Nihoo, 26.7,백현 (BAEKHYUN)- CANDY TUTORIAL 포인트 안무 배우기ㅣMIRROREDㅣ캔디 챌린지, 8425,2020. 6. 5, 495, 4,49,https://www.youtube.com/watch?v=gUiHhQRO8lo,백현 ,Candy ,Candychallenge
809,니후Nihoo, 26.7,백현 (BAEKHYUN) - Candy DANCE COVERㅣMIRRORㅣ니후Nihoo, 8758,2020. 6. 4, 812, 4,104,https://www.youtube.com/watch?v=d41n8HlExLI,백현 ,Candy ,Candychallenge
810,니후Nihoo, 26.7,1일 1깡 종착지, 426511,2020. 5. 20, 6963, 205,947,https://www.youtube.com/watch?v=cbR-evxst10,1일1깡 ,깡 ,깡챌린지
811,니후Nihoo, 26.7,[KPOP]추억의 선배 아이돌 그룹 레전드 안무들을 모아봤습니다ㅣ동방신기 슈퍼주니어 샤이니 2PM 비스트 인피니트, 23634,2020. 5. 5, 1318, 3,222,https://www.youtube.com/watch?v=ZzyNe_Ojuw8,kpopmedley ,2010kpop ,19902010kpop
917,YeJin, 7.94,코바늘 여름 모자-작은 사이즈 A │ crochet summer hat small size A│YeJin공방, 120862,2020. 5. 23, 2084, 53,149,https://www.youtube.com/watch?v=xkYgWDK9Eok,,,
918,YeJin, 7.94,코바늘 버니 파우치 crochet bunny pouch│YeJin공방, 191838,2020. 4. 16, 7052, 60,153,https://www.youtube.com/watch?v=w3fQH8rWYz8,,,
919,YeJin, 7.94,코바늘 벨벳 플리츠백│crochet velvet pleats bag│YeJin공방, 39281,2020. 1. 24, 960, 14,72,https://www.youtube.com/watch?v=QoX1RzlkDvs,,,
920,YeJin, 7.94,코바늘 각티슈 커버│crochet tissue box cover│YeJin공방, 99766,2019. 11. 8, 1807, 48,78,https://www.youtube.com/watch?v=f1JvS6KMirM,,,
921,YeJin, 7.94,코바늘 입체하트│Crochet 3D heart│YeJin공방, 42112,2019. 9. 30, 841, 30,57,https://www.youtube.com/watch?v=OBryCAYu90Q,,,
922,YeJin, 7.94,쉽고 가벼운 코바늘 가방 │crochet Easy&Light Bag┃YeJin공방, 5183,2019. 9. 25, 164, 5,96,https://www.youtube.com/watch?v=RYzURXdFFtg,,,
923,YeJin, 7.94,코바늘 메쉬 보틀 커버┃Crochet Mesh Bottle Holder┃YeJin공방, 806237,2018. 6. 3, 9332, 405,236,https://www.youtube.com/watch?v=lTQ1-GG1VdM,,,
924,YeJin, 7.94,코바늘 네트백 ┃Crochet Net Bag┃YeJin공방, 555911,2018. 5. 17, 6392, 226,332,https://www.youtube.com/watch?v=FZdi4puit7k,,,
925,YeJin, 7.94,코바늘 사슬꽃 뜨기 │ Crochet Flowers┃YeJin공방, 121818,2018. 4. 20, 1973, 53,74,https://www.youtube.com/watch?v=CLjFrWK0hMk,,,
926,YeJin, 7.94,코바늘 사계절 버킷햇 (영상아래상세설명먼저확인해주세요:) Crochet Bucket Hat┃YeJin공방, 632464,2018. 4. 4, 6584, 301,404,https://www.youtube.com/watch?v=XvKLbLDfrNs,,,
927,YeJin, 7.94,코바늘 모티브 덧신 만들기 2편│Crochet Slippers Chapter 1┃YeJin공방, 9073,2018. 3. 26, 130, 7,21,https://www.youtube.com/watch?v=DOy5Tqo9C_I,,,
928,YeJin, 7.94,[YeJin예진] 코바늘 모티브 덧신 만들기 1편│ Crochet Slippers Chapter 1┃YeJin공방, 13718,2018. 3. 26, 241, 3,31,https://www.youtube.com/watch?v=iIztiGHN9vg,,,
929,YeJin, 7.94,코바늘 미니어처 모자┃Crochet Mini Hat┃YeJin공방, 165560,2018. 3. 10, 2946, 94,94,https://www.youtube.com/watch?v=HGg3c_3B614,,,
930,YeJin, 7.94,코바늘 두루마리 휴지 커버┃Crochet Toilet Paper Cover┃YeJin공방, 506450,2018. 2. 28, 5669, 169,224,https://www.youtube.com/watch?v=gbKBb-KXVrw,,,
931,YeJin, 7.94,코바늘 미니 해초 바구니┃Crochet Basket┃YeJin공방, 51690,2018. 2. 14, 1131, 19,50,https://www.youtube.com/watch?v=nA6XNduyRdg,,,
932,YeJin, 7.94,코바늘 사색 파우치┃Crochet Pouch┃YeJin공방, 32260,2018. 2. 8, 583, 10,72,https://www.youtube.com/watch?v=IEBk3q3P9iw,,,
933,YeJin, 7.94,코바늘 롤리팝 스퀘어 수세미 만들기┃Crochet Scrubby┃YeJin공방, 156543,2018. 1. 19, 2020, 87,187,https://www.youtube.com/watch?v=uc3NxO6ayOg,,,
934,YeJin, 7.94,코바늘 호랑가시나무 잎사귀&열매 ┃Crochet Holly Leaf&Berry┃YeJin공방, 39233,2017. 12. 16, 802, 17,53,https://www.youtube.com/watch?v=ICLYbluD70k,예진의공방,,
935,YeJin, 7.94,코바늘 두근두근 하트 호빵 수세미┃crochet heart scrubby┃YeJin공방, 715301,2017. 11. 19, 6121, 520,323,https://www.youtube.com/watch?v=EAPkdRohpyM,,,
936,YeJin, 7.94,코바늘 미니어쳐 바구니 Crochet Miniature Basket┃YeJin공방, 542785,2017. 11. 7, 5261, 302,149,https://www.youtube.com/watch?v=ykv2UyP-MVI,,,
237,이쿤의 아로마마사지 & 왁싱Aromatherapist LK, 6.14,Front whole body aroma oil massage, 343465,최초 공개: 2020. 6. 1, 1089, 219,227,https://www.youtube.com/watch?v=uBaqHB5-W_A,,,
238,이쿤의 아로마마사지 & 왁싱Aromatherapist LK, 6.14,베이직아로마테라피 교육과정1 등마사지 샘플 및 응용동작 Aroma oil massage technique for women, 92808,최초 공개: 2020. 5. 22, 340, 33,65,https://www.youtube.com/watch?v=IfeQ9hiZ2Hs,,,
239,이쿤의 아로마마사지 & 왁싱Aromatherapist LK, 6.14,내가 가장 좋아하는 음악을 아로마마사지 배경음악으로 써보았다., 73738,최초 공개: 2020. 5. 18, 241, 39,53,https://www.youtube.com/watch?v=Dy__qRhoU20,,,
240,이쿤의 아로마마사지 & 왁싱Aromatherapist LK, 6.14,잠안올때 듣는 아로마마사지 ASMR 1시간 An hour of aroma oil massage for good sleeping, 112303,최초 공개: 2020. 5. 12, 487, 70,102,https://www.youtube.com/watch?v=pQM7JmKLmtk,,,
241,이쿤의 아로마마사지 & 왁싱Aromatherapist LK, 6.14,셀프왁싱으로 남자수염 제모해보자 페리샤 핫왁스 제모제 리뷰, 14106,최초 공개: 2020. 5. 7, 25, 23,17,https://www.youtube.com/watch?v=YdQ0trlfx_Y,,,
242,이쿤의 아로마마사지 & 왁싱Aromatherapist LK, 6.14,전신오일마사지 베이직교육과정 vlog 마무리 온습포, 62351,최초 공개: 2020. 5. 3, 137, 22,25,https://www.youtube.com/watch?v=ufvnCKlDu4Y,,,
243,이쿤의 아로마마사지 & 왁싱Aromatherapist LK, 6.14,왁서쌤 아로마마사지해드렸어요 달달한 음악이 함께하는, 101240,최초 공개: 2020. 4. 29, 231, 40,78,https://www.youtube.com/watch?v=eACerz-2hkQ,,,
244,이쿤의 아로마마사지 & 왁싱Aromatherapist LK, 6.14,1:1로 배우며 브라질리언왁싱 실습을 해보았다.(예고편), 4379054,최초 공개: 2020. 4. 13, 8022, 3896,13391,https://www.youtube.com/watch?v=7EwkzXV1Im8,,,
245,이쿤의 아로마마사지 & 왁싱Aromatherapist LK, 6.14,아로마 스웨디시마사지 시작부터 설레임을 느끼게 하는 오일도포 & 에플러라지, 510272,최초 공개: 2020. 4. 4, 902, 262,356,https://www.youtube.com/watch?v=W5dE_hvw3Zw,,,
246,이쿤의 아로마마사지 & 왁싱Aromatherapist LK, 6.14,1년전 유튜브 2개월차 이쿤 추억영상 LIVE 두명과 소통하는, 28145,최초 공개: 2020. 3. 18, 33, 39,18,https://www.youtube.com/watch?v=h_NrCprSrns,,,
247,이쿤의 아로마마사지 & 왁싱Aromatherapist LK, 6.14,아로마오일 전신마사지 2일차 교육 후 받아보았다., 112584,최초 공개: 2020. 3. 15, 172, 61,66,https://www.youtube.com/watch?v=GreU9iUgsow,,,
248,이쿤의 아로마마사지 & 왁싱Aromatherapist LK, 6.14,한번만 보여준다 센슈얼마사지? 난 센스티브 스웨디시야, 1915565,최초 공개: 2020. 2. 29, 5127, 1191,450,https://www.youtube.com/watch?v=IrVTilLLaT8,,,
249,이쿤의 아로마마사지 & 왁싱Aromatherapist LK, 6.14,[4K화질]인천 부평구청역 여성전용마사지 ASMR, 127865,최초 공개: 2020. 2. 20, 470, 82,97,https://www.youtube.com/watch?v=rDnzTFvIAIg,,,
250,이쿤의 아로마마사지 & 왁싱Aromatherapist LK, 6.14,강남구청역 여성전용마사지 센서티브 복부관리, 39154,최초 공개: 2020. 2. 17, 86, 16,17,https://www.youtube.com/watch?v=1odZEqubzxc,,,
251,이쿤의 아로마마사지 & 왁싱Aromatherapist LK, 6.14,아로마마사지 강의 교육현장(음악만), 84784,최초 공개: 2020. 2. 15, 160, 30,40,https://www.youtube.com/watch?v=Xr9usNJxs04,,,
252,이쿤의 아로마마사지 & 왁싱Aromatherapist LK, 6.14,19+ 사랑하는 사람을 위한 아로마마사지 Hot Oil Massage Full Body Hand Expression, 140661,최초 공개: 2020. 1. 26, 306, 46,45,https://www.youtube.com/watch?v=eenC-90HGPQ,,,
253,이쿤의 아로마마사지 & 왁싱Aromatherapist LK, 6.14,새로운 채널 구독과 좋아요 알람설정 부탁해요^^, 24444,2020. 1. 22, 92, 7,12,https://www.youtube.com/watch?v=v1B1UV8_AK0,,,
254,이쿤의 아로마마사지 & 왁싱Aromatherapist LK, 6.14,미모의 여성교육생 아로마마사지 교육과정 vlog, 35943,최초 공개: 2020. 1. 18, 103, 21,30,https://www.youtube.com/watch?v=6E5XS_8XyZY,,,
255,이쿤의 아로마마사지 & 왁싱Aromatherapist LK, 6.14,아로마마사지체험 은아님 ASMR 2편, 59604,2020. 1. 12, 165, 20,57,https://www.youtube.com/watch?v=uZuFWcGYj3k,,,
256,이쿤의 아로마마사지 & 왁싱Aromatherapist LK, 6.14,다리마사지 리얼사운드 aroma oil massage ASMR, 21266,2020. 1. 10, 75, 14,14,https://www.youtube.com/watch?v=BiIR7rP221E,,,
1301,웨이에이 _ WAY A, 32.3,그윽한 아몬드 🧇 음영 메이크업, 42960,2020. 7. 29, 1721, 26,130,https://www.youtube.com/watch?v=Yj_lBIwHzX0,,,
1302,웨이에이 _ WAY A, 32.3,CUSTOM DOLL REPAINT7 _디즈니 베이비돌 팅커벨 리페인팅 | WAY A, 12049,2020. 7. 7, 525, 10,41,https://www.youtube.com/watch?v=PcPzofOK97E,,,
1303,웨이에이 _ WAY A, 32.3,사각턱+옆광대를 위한 현실 메이크업 스타일링, 733891,2020. 6. 23, 14699, 196,795,https://www.youtube.com/watch?v=tTSXCL-uvFw,,,
1304,웨이에이 _ WAY A, 32.3,메이크업 클렌징 애니메이션, 82970,2020. 5. 29, 1828, 41,118,https://www.youtube.com/watch?v=8aypQuO9eHc,,,
1305,웨이에이 _ WAY A, 32.3,현실 메이크업과 애니메이션의 만남 Reality and animation combined | WAY A, 1047020,2020. 5. 17, 31696, 441,1513,https://www.youtube.com/watch?v=NqyTCnAuW8A,,,
1306,웨이에이 _ WAY A, 32.3,CUSTOM DOLL REPAINT6 _디즈니 베이비돌 오로라 공주 리페인팅 | WAY A, 23394,2020. 4. 21, 791, 32,76,https://www.youtube.com/watch?v=4cS5C3sHWIY,,,
1307,웨이에이 _ WAY A, 32.3,무쌍 메이크업 애니메이션, 1252806,2020. 4. 9, 16545, 649,642,https://www.youtube.com/watch?v=7nzq3uaTBHc,,,
1308,웨이에이 _ WAY A, 32.3,MAKEUP ANIMATION | 쌍테 메이크업, 103369,2020. 3. 8, 2441, 40,164,https://www.youtube.com/watch?v=9eM-Qc-JEhg,,,
1309,웨이에이 _ WAY A, 32.3,CUSTOM DOLL FROZEN ELSA REPAINTING5 _ 디즈니 베이비돌 엘사 리페인팅, 49355,2020. 1. 30, 1121, 28,74,https://www.youtube.com/watch?v=Lj09jMOB0mY,,,
1310,웨이에이 _ WAY A, 32.3,MAKEUP ANIMATION 백화점 유명템 메이크업 | WAY_A, 88782,2020. 1. 7, 2379, 26,154,https://www.youtube.com/watch?v=d535EH9DPlE,,,
1311,웨이에이 _ WAY A, 32.3,CUSTOM ELSA DOLL REPAINT4 _디즈니 베이비돌 엘사 리페인팅 | WAY A, 378527,2019. 12. 24, 9505, 232,330,https://www.youtube.com/watch?v=1Knpi7JC8os,,,
1312,웨이에이 _ WAY A, 32.3,MAKEUP ANIMATION 메이크업 애니메이션 | WAY A, 862104,2019. 12. 12, 8517, 179,323,https://www.youtube.com/watch?v=uQcwnpSDZJ0,,,
1313,웨이에이 _ WAY A, 32.3,CUSTOM DOLL REPAINT3 _디즈니 미녀와 야수 베이비돌 벨 리페인팅 | WAY A, 686128,2019. 11. 26, 12182, 561,383,https://www.youtube.com/watch?v=yPP9LI97m6Y,,,
1314,웨이에이 _ WAY A, 32.3,MAKEUP ANIMATION | 서양인으로 분장 수준 메이크업 | WAY A, 40971,2019. 11. 20, 1162, 25,109,https://www.youtube.com/watch?v=6BOd3c025q0,,,
1315,웨이에이 _ WAY A, 32.3,CUSTOM DOLL REPAINT2 _디즈니 베이비돌 안나 리페인팅 | WAY A, 4102349,2019. 11. 2, 96869, 3022,3498,https://www.youtube.com/watch?v=Lmf7Kbgr-wY,,,
1316,웨이에이 _ WAY A, 32.3,DAILY MAKEUP ANIMATION (feat.복코쉐딩) 요즘 하는 데일리? 메이크업 | WAY A, 164571,2019. 10. 24, 4007, 57,136,https://www.youtube.com/watch?v=rzVrsJgDiko,,,
1317,웨이에이 _ WAY A, 32.3,NO BGM MAKEUP ANIMATION | 브금없는 메이크업 애니메이션 모음집 (feat. 그림 변화) | WAY A, 651858,2019. 10. 16, 5547, 153,154,https://www.youtube.com/watch?v=THs8f3Zwb9E,,,
1318,웨이에이 _ WAY A, 32.3,RED MAKEUP ANIMATION | 서양인 빨강 메이크업 _ WAY A, 189598,2019. 10. 12, 4167, 64,192,https://www.youtube.com/watch?v=SaSW8J5xgg8,,,
1319,웨이에이 _ WAY A, 32.3,custom doll repaint _ 디즈니 베이비돌 라푼젤 리페인팅 | WAY A, 1281879,2019. 10. 6, 35454, 908,1210,https://www.youtube.com/watch?v=KMPUA8VyBK8,,,
1320,웨이에이 _ WAY A, 32.3,MAKEUP ANIMATION | 눈통통 속쌍 메이크업 (feat.앞트임) | WAY A, 656503,2019. 9. 29, 17117, 147,748,https://www.youtube.com/watch?v=cZMojASNtXk,,,
1321,NAIN나인, 32.3,힘든 하루 끝 우리 마음을 뭉클하게 했던 광화문글판 5개 손글씨모음, 11264,2020. 7. 28, 575, 4,121,https://www.youtube.com/watch?v=nU9RlHF2Rrk,,,
1322,NAIN나인, 32.3,[가사쓰기] Alec Benjamin(알렉 벤자민) – Match In The Rain(빗속에서의 성냥불), 21871,2020. 7. 7, 660, 9,168,https://www.youtube.com/watch?v=zYReZP1WOIo,,,
1323,NAIN나인, 32.3,백주연_Airplane 가사쓰기, 21146,2020. 6. 8, 717, 5,164,https://www.youtube.com/watch?v=WA1WXv2rg-I,,,
1324,NAIN나인, 32.3,귀엽고 깜찍한 손그림 일러스트 책리뷰✨(f. 다꾸필수), 45738,2020. 6. 6, 1726, 11,239,https://www.youtube.com/watch?v=SX6Ou6pFqhs,,,
1325,NAIN나인, 32.3,이 영상보면 충치 백만개 /handwriting, 24643,2020. 5. 31, 971, 5,179,https://www.youtube.com/watch?v=ebYoC0rgxfU,,,
1326,NAIN나인, 32.3,30만 구독자 이벤트 (f.실버버튼), 29608,2020. 4. 11, 896, 13,451,https://www.youtube.com/watch?v=bxAJmJeS2uo,,,
1327,NAIN나인, 32.3,나는!!!!!!!!!!!!!!!!!!!!!!!!!!!, 255981,2020. 3. 22, 4774, 82,908,https://www.youtube.com/watch?v=pxmQ_kJRvKk,,,
1328,NAIN나인, 32.3,90초동안 생각없이 보면 글씨예쁜영상, 447388,2020. 3. 13, 3636, 97,1016,https://www.youtube.com/watch?v=Rf7RTmAgoJY,,,
1329,NAIN나인, 32.3,[국산펜 추천] 영상 (잉크펜 위주), 110391,2020. 3. 3, 3673, 19,237,https://www.youtube.com/watch?v=TfzjDhpBKY4,,,
1330,NAIN나인, 32.3,100초 만에 빠져드는 명대사 손글씨 영상 (f. 날씨가 좋으면 찾아가겠어요), 76413,2020. 2. 21, 1668, 14,347,https://www.youtube.com/watch?v=B_h6p1FGxKg,JTBC월화드라마 ,날씨가좋으면찾아가겠어요 ,박민영
1331,NAIN나인, 32.3,[30일만에 글씨바꾸기 프로젝트] 나도 손글씨 바르게 쓰면 소원이 없겠네 (책리뷰), 66402,2020. 2. 7, 1141, 9,159,https://www.youtube.com/watch?v=0I-NkvTpQP4,,,
1332,NAIN나인, 32.3,[가사쓰기] 지코 - 아무노래 챌린지 (f.글씨), 390018,2020. 1. 31, 10366, 173,1735,https://www.youtube.com/watch?v=-764iyoTLwg,,,
1333,NAIN나인, 32.3,글씨 보러왔다가 노래 듣고가는 영상 (f. 사극명대사 모음), 2567873,2020. 1. 5, 28235, 271,2638,https://www.youtube.com/watch?v=1dJEHkN7zQs,,,
1334,NAIN나인, 32.3,[글씨유튜버] 2019년 글씨 하이라이트 영상모음 (3분순삭), 642788,2019. 12. 11, 8773, 86,639,https://www.youtube.com/watch?v=YJDGIf2MEKI,,,
1335,NAIN나인, 32.3,잘한게 글씨밖에 없는 다이어리꾸미기 (f.겨울왕국2), 44818,2019. 12. 8, 968, 20,154,https://www.youtube.com/watch?v=lxwIZeW14gw,,,
1336,NAIN나인, 32.3,'감쪽같이' 넋 놓고 보게되는 영상 /handwriting, 983063,2019. 11. 6, 10037, 195,1189,https://www.youtube.com/watch?v=ye1dMD7Hvzc,,,
1337,NAIN나인, 32.3,요즘 공부 잘하는 애들이 사용하는 전자노트?! (f. 카멜보드), 286245,2019. 10. 15, 2214, 104,570,https://www.youtube.com/watch?v=dBxxjy6sv9w,,,
1338,NAIN나인, 32.3,2000개 글자로 새긴 세종대왕 (f.한글날) /handwriting, 82015,2019. 10. 9, 3219, 27,434,https://www.youtube.com/watch?v=M_249GwSD9A,,,
1339,NAIN나인, 32.3,어디서 많이 본 듯한 영상 /handwriting, 141170,2019. 10. 5, 1894, 33,254,https://www.youtube.com/watch?v=4oJjuAtJd6U,,,
1340,NAIN나인, 32.3,외국인 시점에서 본 한글 (f.기하학적 신비로움) /handwriting, 196217,2019. 10. 3, 1211, 23,224,https://www.youtube.com/watch?v=-mp2kfereMM,,,
775,아쭈마마 tv, 2.96,정동원 미바광분크림~3차방송!! 이번기회 놓치지마세요~^^, 421,2020. 8. 5, 23, 1,14,https://www.youtube.com/watch?v=0slENv4fuII,정동원전속모델 ,미바광분크림 ,롯데홈쇼핑
776,아쭈마마 tv, 2.96,덕분에 구독자.시청자분 예쁜 애칭이 생겼어요, 230,2020. 8. 3, 19, 1,31,https://www.youtube.com/watch?v=p7AfbhWILVc,당첨자발표 ,모시마스크 ,이벤트
777,아쭈마마 tv, 2.96,미바광분크림 정동원이 광고모뎰~솔직한 사용후기?!!, 3472,2020. 8. 1, 275, 9,73,https://www.youtube.com/watch?v=_-lw9DhXfqQ,미바광분크림 ,정동원광고모델 ,복숭아빛피부
778,아쭈마마 tv, 2.96,여름철에 특히좋은 천연팩!! 해보신분들만 압니다, 670,2020. 7. 30, 38, 2,12,https://www.youtube.com/watch?v=UmDZ3bdYw7A,양배추팩 ,피부톤업 ,모낭충제거
779,아쭈마마 tv, 2.96,매일매일 젊어지자~마치 온천을 다녀온듯한..., 1161,2020. 7. 28, 49, 3,39,https://www.youtube.com/watch?v=CGw8eDt5mO8,유황비누 ,젊어지는세안법 ,모낭충제거
780,아쭈마마 tv, 2.96,건강한 다이어트~무심히 버렸던 이것의효능??, 448,2020. 7. 26, 20, 2,7,https://www.youtube.com/watch?v=Zz90Mzf8ZH0,옥수수수염차 ,다이어트 ,붓기완화
781,아쭈마마 tv, 2.96,셀레륨의왕!! 얼굴뿐만 아니라 뇌까지 젊어집니다, 550,2020. 7. 24, 33, 없음,12,https://www.youtube.com/watch?v=DeLcmdi6-2Y,셀레륨효능 ,회춘오일 ,브라질너트
782,아쭈마마 tv, 2.96,마요네즈헤어팩~냄새걱정No.힘없고 푸석한머리OK, 582,2020. 7. 22, 26, 1,11,https://www.youtube.com/watch?v=pQUz2uDpU6Q,마요네즈팩 ,아줌마헤어관리법 ,케란틴
783,아쭈마마 tv, 2.96,아기고양이 생후 6일차~분유 먹이고 대소변 처리하기!!!, 152,2020. 7. 21, 14, 1,15,https://www.youtube.com/watch?v=YFd4jV73tJk,아기고양이성장일기 ,분유먹이기 ,대소변처리해주기
784,아쭈마마 tv, 2.96,초간단 천연팩~효과는 짱!! 야 나듀 할수있어~, 456,2020. 7. 20, 31, 없음,24,https://www.youtube.com/watch?v=7ciPL89ZUBc,녹차팩 ,아침팩 ,부은얼굴
785,아쭈마마 tv, 2.96,150원의행복!! 예뻐지고 싶은사람 여기여기 붙어라~^^, 454,2020. 7. 18, 30, 2,11,https://www.youtube.com/watch?v=DPtVD3YVwl8,월남쌈 ,라이스페이퍼 ,여름철피부관리
786,아쭈마마 tv, 2.96,고양이가 외출이 잦더니...황당한 출산??, 250,2020. 7. 17, 17, 없음,19,https://www.youtube.com/watch?v=_X716_KbSlA,고양이출산 ,페르시안고양이 ,새끼고양이
787,아쭈마마 tv, 2.96,불독살.목주름.팔자주름을 한방에... 작은얼굴 만드는 맛사지법!!, 820,2020. 7. 15, 47, 3,13,https://www.youtube.com/watch?v=O8O-MooGq8Q,V라인얼굴형 ,목주름 ,팔자주름
788,아쭈마마 tv, 2.96,여름철 피부관리~ 십년은 젊어지는팩, 659,2020. 7. 13, 28, 3,11,https://www.youtube.com/watch?v=UePshkMUjhU,여름철피부관리 ,녹두쑥알로에팩 ,피부온도
789,아쭈마마 tv, 2.96,지푸라기같은 머리가 1분만에 탱글탱글한 머리로..., 1008,2020. 7. 11, 48, 없음,12,https://www.youtube.com/watch?v=DGasQReHb6k,파마머리관리 ,헤어오일 ,헤어에센스
790,아쭈마마 tv, 2.96,돈안들이고 피부 좋아지는법~똑똑한 1분세안법!!, 980,2020. 7. 9, 36, 6,13,https://www.youtube.com/watch?v=T_zT95fA744,호호바오일 ,어성초비누 ,1분세안법
791,아쭈마마 tv, 2.96,각질관리 이보다 좋을순없다~실크같은 피부결 꿀팁!!?, 1212,2020. 7. 7, 50, 2,14,https://www.youtube.com/watch?v=psMk8LHAAOw,각질관리 ,모공수축 ,흑설탕
792,아쭈마마 tv, 2.96,0원으로 젊어지는팩~고급화장품 원료로 들어간다는..., 1366,2020. 7. 5, 41, 3,23,https://www.youtube.com/watch?v=Nj4d2gGFMDg,쇠비름팩 ,리부팅효과 ,쫀탱한피부
793,아쭈마마 tv, 2.96,강력한 미백효과~톤업보장!!, 592,2020. 7. 3, 43, 2,25,https://www.youtube.com/watch?v=nRR9pufqMno,들깨가루 ,팥가루 ,미백효과
794,아쭈마마 tv, 2.96,5900원의행복~칙칙한피부.착색된피부 이거 하나면??, 2572,2020. 7. 1, 93, 8,46,https://www.youtube.com/watch?v=RMaMRe-f7ic,콜라겐벨벳마스크 ,피부관리 ,미백관리